id,title,summary,content
1,第01??,"第01??:姜公封相
求?吉凶：上上??

算命??：
??求得第一枝 ?虎?云???
一旦凌霄?自? 任君?往赴?池

姜子牙，世人多?之?姜太公。周朝的??功臣，他?佐周武王??了暴君?王，在多???我弱的??中，如有神助取得胜利。封神榜一?有??姜公在元始天尊、太乙真人、南极仙翁?神的扶助，取得封神榜。

?大仙算命解??：

算命求得?支上上??，可喜可?！?虎得?云??，您立下的大志，??得?所愿，并能到?至善至?的境界。正所??成西就，左右逢源，万事如意。??自算命眼

?大仙算命解??：

功名遂，求?丰，六畜吉，家宅隆，病即愈，蚕有功
孕生子，婚姻同，行人至，快如?，若?望，?享通

流年：大吉大利，去年失去的，??在今年得到。

事?：由于有很多?人扶持，?事?易成就。

?富：??暗示正?大豊收，亦有些小??。

自身：一年四季皆?遂平安。

家庭：和气吉祥，宜在今年添丁。

姻?：?情幸福，适婚人士莫??今年好?机。

移居：置?，搬?，移民，都有机?。

名?：??，事?，社?服?，各方面均易?嘉?。

健康：??暗示困扰多?的小病即?成??去。

友?：?人多，小人?侵，??善?，多?交新的朋友。

?水：??兼丁?。

?失：即得回原物。

自身：四季俱平安。

天?：丰稔又可喜。

交易：到?有喜色。

出行：往?皆合心。",
2,第02??,"第02??：王道真?入桃源
求?吉凶：上吉??

算命??：
枯木逢春??新 花看?茂蝶??
桃源?斗千?紫 一??舟?入津

桃源即?代陶?明所述的世外桃源。??中，?位有?人王道真亦曾?水行舟，?意?到?桃源，看?一群逃避??的先秦?民，快???的生活在一?百花?妍，万紫千?，花香蝶舞，枯木逢春的境界。

?大仙算命解??：

算命求得此??，有一种否极泰?，枯木逢春、????、快活??的征兆，所以一切佳景，不必刻意去?求﹔?其自然，?力而?，反而有意想不到的收?。枯木遇春天而?新芽。花香?茂引蝴蝶??。??自算命眼

?大仙算命解??：

?有望，病可愈，蚕?利，婚有?，家宅吉，行人?
?六畜，好向前，?六甲，瓜瓞?，若?望，福?全

流年：??暗示今年常喜?，?凶?，可有意外收?。

事?：水到渠成，凡事?其自然，必有好?果。

?富：??暗示有意外之?，但不可沉迷投机博彩。

自身：?人多，保平安。切戒与人?斗。

家庭：和睦，愉快，及?行?。

姻?：未婚者易遇有?人。已婚者人妻和?，但忌婚外?。

移居：世外桃源有避?世之象，?把握机?。

名?：切勿做沽名??之事，何必追逐浮名？

健康：今年有?弱??之机，多作?外??。

友?：??暗示出?遇?人，朋友?您???比??。

?水：丁?可小?。

?失：?心得回物。

自身：修?有仙?。

天?：快?又可喜。

出行：意外遇?人 。",
3,第03??,"第○三??：?班?山
求?吉凶：中平??

算命??：
牛山之木皆常美 ?惜斧工?伐他
大器大材?足用 ?矩不准怎?搓

?班，春秋?代??人，?明多种土木建筑工具，被尊崇?建筑行?的祖??。他曾?令?徒，切勿?砍?伐木材，令??豊富的牛山，?成牛山濯濯，光??，竟然?一合适的材料可用。

?大仙算命解??：

???的主要意思是?，本?有很好的?件，但是?理失?，不知不??，优??失，等到急需人、?、物?用的?候，才??已?一?所有了。暗示要珍惜?源，慎防小人，摒???。??自算命眼

?大仙算命解??：

名与利，依理求，蚕与婚，莫妄?，病慎?，免?患
?家宅，德宜修，行未至，孕有?，凡?事，勿?求

流年：上半年平平，宜未雨??，否?下半年就?出?逆境。

事?：宜守不宜攻，最忌一意孤行。

?富：??暗示正??不算太差，忌?博，不?不?。

自身：好好修?自己，小心言行。

家庭：孝?父母，在家中要?造和?气氛。

姻?：今年?不是?婚的好?机。提防异性小人。

移居：?行有阻?。旅行或搬?小心人?安全。

名?：不要逞?，不要出??。

健康：病向?中?，?病如?虎，慎之。

友?：小心?友，勿受小人唆?作出坏的??。

?水：多不合剪裁。

?失：原物恐?得。

自身：修?乃平安。

天?：?雨不合?。

出行：??暗示防小人口舌。",
4,第04??,"?大仙算命??04
第○四??：董永遇仙
求?吉凶：中吉??

算命??：
??紫燕在檐前 ??呢喃近午天
或往或?低复起 有?剪破???

董永。千乘人。少失母。??父。流寓孝感。父亡?以葬。乃?人??一万。日后???。?以身作奴。一日上山砍柴倦睡。皇天?其孝行。即差仙女下凡?婚。

董永醒??女恐是妖精。女?曰吾?父母又?依。欲??夫?。董永?其凄?。?女回?。主人?董永拐??人?及其主。后?留?女。遍?四方家庭并?失?人。才允成?。??自算命眼

董?百日?得?五十丈。剪一半往市?出得?。??董永身。后???。敕封???元。

?大仙算命解??：

此??是?董永与天仙在春天看?的一幅自然景色。檐前燕子往返穿梭，??食物，回巢哺育下一代的?景?。可以告慰的是，燕子?培?下一代，一定?????安全的?境筑巢，而?中第一二句，是母燕在檐前与?燕呢喃??，即有平安之象。

??后?句?是提醒，?燕的父母?了?食，??往往，忽高忽低，暗示?程?起?伏，?好?坏，年中或有波?。

?大仙算命解??：

宅平安，?微利，婚可求，行?至，病宜慎，蚕与美
?六甲，亦可喜，?六畜，亦相宜，?望事，要知机

流年：大致安?，但?程有反复。

事?：要勤?刻苦，密切留意外?形?，知所?退。

?富：??有?流逆流，但起落不?太大。

自身：?大?，宜??合群。

家庭：家宅平安，和气致祥。

姻?：?情??佳，婚姻美?。

移居：??暗示有?徙机?，尤其在春秋?季。

名?：您的勤?，一定??得?人??。

健康：注意身体??，?逸安排得宜。

友?：既得到朋友?助，亦宜?助弱小。

?水：平??防。

?失：得之?定日。

自身：??自精神。

天?：丰歉未可知。

出行：??暗示要提防小人。",
5,第05??,"第○五??：?夫人惜花
求?吉凶：中吉??

算命??：
??昨夜狂?急 万紫千?亦??
幸有惜花人早起 培回根本复栽生

?夫人，是隋?帝的一位姬妾，相?是一位惜花之人。?夫人惜花另有一??如下：

??桃李正??。?白深?色?宜。
何以??苦相妒。??折去最高枝。

?大仙算命解??：

此??是提出一?警告：今年?有?大的波折，天?稍差，地利亦易有失，唯一可取的，就是人和，希望有?人相助，度???，回复生机。??自算命眼

??的百花，被狂?所吹?，幸有惜花之人，不??苦，去善后，去化??夷，??惜花人，可以是自己，也可以是?人。

?大仙算命解??：

名与利，要待?，宅??，行人?，孕有?，病??
出行阻，婚?疑，蚕与畜，得利微，??望，宜?慎

流年：有阻?，是先苦后甜的格局。

事?：?然形?不利，但?自己努力可保?虞。

?富：有小破?之象，?金?勿存太大希望。

自身：一定要修心?性，才能?危不?。

家庭：家中可能有人?病痛多。

姻?：??暗示勿在今年?婚。蜜?恐有波折。

移居：移民有阻，也不宜搬?。勉??行，要破?。

名?：??挫折后，可??人??自己的?力。

健康：有病勿自己?用治?，更勿信江湖郎中。

友?：在患?中，你?更清楚?是真正朋友。

?水：丁?恐要退。

?失：托人情可得。

自身：修善免?侵。

天?：遭恐?避。

出行：?害恐?言。",
6,第06??,"第○六??：王羲之?故里
求?吉凶：上吉??

算命??：
一片孤帆万里回 管弦??且停杯
如云胜友??月 ??幽情极?哉

王羲之，??人，出身?族，官至右???，?稽?史。后??官?故里浙江??，研??法有卓越成就，自成一格，?后代的毛?字体??一?新路。

?法名家姓王名羲之??在万里??回家。常吹??琴?酒。?多朋友相聚???月。心情?欣。快?之极。

?大仙算命解??：

?支??是形容一位有才?又有相???基?的人，放?官?的?斗，急流勇退，毅然返故?，一方面得聚天?及友?之?，优哉悠哉，一方面又可以???展自己的??，?名于后世。

?大仙算命解??：

蚕有利，名必成，行人至，家宅?，病即愈，?即盈
六畜吉，婚姻成，若六甲，?子生，??望，百事享

流年：大吉大利，尤其是秋冬?分。??自算命眼

事?：?事?意，?身?的人，?和一些，更佳。

?富：??不少，花?亦不少。

自身：平安?事，多行善?福，好??延?。

家庭：家??旺，可以及?行?。

姻?：夫妻和?，未婚者今年底有好机?。

移居：??搬?或移居外?，但求心之所安。

名?：多助人，多作公益，功名建在不知不??。

健康：身心愉快，可保最佳??。

友?：??交一些志同道合的新朋友。

?水：平?自然?。

?失：??暗示多方求可得。

自身：??暗示?善遇?人。

天?：?雨皆可喜。

出行：事事合心情。",
7,第07??,"?大仙算命??07
第○七??：仁??家
求?吉凶：中吉??

算命??：
秋?征雁向南? ?????院?
砧?城??切耳 江?如火在??

薛仁?，唐代名?，率?征?，?建?功，?封?平?郡公。薛仁?征?，得胜回朝封王而?家，??秋?冷，雁南?，??凋?，人洗寒衣，此秋天冷落之景象，??防?之?，亦?快活之气也。

?大仙算命解??：

?支??是薛仁?征?后，得胜回朝，?功??后，衣???的好景。但可惜，征人易老，在??中消磨了青春，而回家途中，又适逢秋天。??自算命眼

征雁南?、????，最令人触目?感的是，不少征人的妻子，正在城?用木?洗衣服。?暗示?有美中不足，而且?有??或失意事?生。

?大仙算命解??：

?家宅，要?防，婚不合，?平常，蚕与畜，微有?
病与孕，祈?良，行人阻，未回?，??望，少吉?

流年：尚算平?，春天?好，夏天更佳，但入秋就要小心。

事?：在??中亦?有成就，但不宜太?迷。

?富：??暗示??普通而已，要小心失?。

自身：平平常常，反而值得恭喜。

家庭：除了注意家居安全外，?住，以和??。

姻?：夫妻?，容易?撞。未婚者最好勿在今年?婚。

移居：以不??万?，改??境，?量在上半年搞妥。

名?：最好不接受浮名。

健康：易患神?衰弱，特?在下半年。

友?：??暗示不要高攀有?有?的人。

?水：平常?可取。

?失：?以?原物。

自身：秋后宜?慎。

天?：多有不便宜。

出行：平淡?甚佳。",
8,第08??,"?大仙算命??08
第○八??：崔子弒父
求?吉凶：下下??

算命??：
?????巢居 ?主?差意不舒
?岭?松??附 且猜??是何如

「?﹒召南﹒?巢」有云：??有巢，??居之。喜?善于筑巢，而???不懂筑巢，往往恃?霸占而居之。此已有主被?欺之象，也即是俗?的「客家占地主」。

?大仙算命解??：

??，即??，一种攀藤植物，山岭上的松?，都被它????。有困身，小人依附之象。春秋?，崔子因妻被?王占有，怒而起兵?之。??自算命眼

此??有?占?巢之象，年??防小人欺凌，?人相侵，要小心一言一行。凡事宜?忍勿???。?恐?是非而拖累。?以解?而要依附于人也。此乃凶多而吉少之象。

?大仙算命解??：

宅??，行未?，病与孕，?仔?，??望，事??
蚕与畜，恐有敝，求?者，勿妄?，?婚姻，?不?

流年：是非多多，而且一波未平一波又起。

事?：极?有成就，在守?，要防?人奸人。

?富：??暗示能?保持??，已?万幸，切戒??。

自身：小人?身，是是非非不?于耳，慎言。

家庭：家宅??，?孺更要小心出入、交友。

姻?：婚姻与?情都?受考?，防第三者出?。

移居：机?微小，若勉?行事，?小心抉?，并作福祭朱雀。

名?：??暗示凡事宜忍，和??。

健康：病痛?多，特?在春秋?季。

友?：??是非者，便是是非人。勿被人口甜舌滑所?。

?水：凶煞多?害。

?失：失了又?。

自身：疾病口舌多。

天?：可??可喜。

出行：有?而?成。",
9,第09??,"?大仙算命??09
第○九??：陶?明?菊
求?吉凶：上吉??

算命??：
?琴一曲奏新腔 明月清?枕蕈?
咸集嘉?同?菊 或歌或舞或??

陶?明，?代的一位有?之士，不?五斗而折腰，放?官?，回家享清福，在?居四周，种?菊花，一?享受田?之?，一?著?立?，?出了很多??至今的文章?歌。

?大仙算命解??：

??中是秋景，明月清?，在庭院??枕席，?琴奏?新清的小曲，与好朋友?酒?菊，??拘束，?歌?舞，此?何极？求得此??者，有天?、地利、人和之象，凡事?心如意。

?大仙算命解??：

宅平安，行人至，病即愈，孕生子，蚕与畜，均有利
若求?，必如意，??事，事如意，?婚姻，合之至

流年：大吉，尤其以立秋后更佳。

事?：凡事不宜?求，?遇而安。

?富：不必太刻意去求?，??自有方。

自身：平安大吉，得快??且快?。

家庭：和?快?，今年年底添丁最合此?。

姻?：已婚者，夫唱??﹔未婚者，有情人?成眷?。

移居：?是移民的上吉?，?把握机?。

名?：常常?得?人尊敬，常常保持?卑。

健康：春天或有些小病，但很快就?事。

友?：?人特多，小人?侵。

?水：?有丁??。??自算命眼

?失：不久便得回。

自身：平安?疾病。

天?：人物皆喜?。

出行：??暗示到?有?人。",
10,第10??,"?大仙算命??10
第一○??：?秦不第
求?吉凶：中平??

算命??：
一?月?挂空中 偶被浮云障迭重
玉匣何?光气吐 ?人借我一狂?

???代，?秦多次?加考?，都落第，本?，他是一?非常有??、有??的人，但奈何??未?。幸而他并?有???的失意而心灰意冷，??不屈不?的意志，?于官拜宰相。

?大仙算命解??：

明月、玉匣，代表一?人的真才??，可惜，偶然被浮云所遮掩，未能展露光芒。?人借我一狂?呢？有一种等待机?，?人未遇的感?。??自算命眼

暗示求得此??者，不要??妄?。??忍待?，不可妄?，防避小人口舌，不久即有?人相扶，消此小劫也，此乃吉中微有凶之??。

?大仙算命解??：

婚不合，病慎?，宅??，行人?，求?者，要待?
?六甲，必女儿，蚕与畜，宜慎?，若?望，?三思

流年：今年的阻??多，宜以不??万?。

事?：一?不如一?，除非遇上大?人，否?宜?守。

?富：??暗示大?偏?机?甚微，但常有小?。

自身：尚算平安，???生何事，也?大?。

家庭：和气可令好?提前?。今年生女??家庭??好?机。

姻?：夫妻常有小磨擦，宜避免。不宜今年?婚。

移居：移民外?或搬?新居，都有机?。

名?：不妨?公?多做?事。

健康：常有小病，如?痛、感冒、睡眠不宁。

友?：??暗示要?离小人，勿与异性朋友?往太密。

?水：此地?失?。

?失：待?不用?。

自身：有事不用?。

天?：微有不合意。

出行：慎之?不利。",
11,第11??,"?大仙算命??11
第十一??：?文帝?柳
求?吉凶：上吉??

算命??：
?柳垂堤??? 日?三起又三眠
往?紫燕??舞 ?娜迎?倩我怜

?文帝，一?施德政、?人民的皇帝，在位二十三年，?行「与民休息」的政策， ??地?、?役、刑?，在平定??之?后，??民生得以复?，??生?迅速?展。

?大仙算命解??：

?文帝最喜?欣??柳的美?，?了提高工作效率，他采用分段睡眠法，每日三眠三起，醒后必欣??柳垂堤，紫燕在其??舞的美好景色。??柳有?垂有?起，且有燕子往??舞其?，迎???，景色怡人。??自算命眼

得此??有万事如意之象，求??遂事事皆吉。

?大仙算命解??：

六畜吉，家宅昌，?可得，病者康，孕生子，名必?
若?望，皆吉祥，行人至，婚姻良，蚕有利，??疆

流年：一切吉祥如意，快??愁。

事?：有极?著的成就，但凡事要?力??。

?富：正??源??而?，偏??极少。

自身：平安，但一定要?未?多?福德。

家庭：父母慈，子女孝，?也融融。

姻?：夫妻感情越?越好。未婚者今年可??良?。

移居：有搬?和移民机?，而且路上有?人。

名?：可以建立名?和功?。

健康：多作?外??，更可延年?病。

友?：化??友，宜?大社交圈子。

?水：??暗示吉地逢人?。

?失：求之必可得。

自身：?善遇平安。

天?：?雨皆可喜。

出行：??暗示小人??人。",
12,第12??,"第十二??：太白?月
求?吉凶：下下??

算命??：
蜃?海市幻?? 万丈擎空接上天
或被狂?忽吹散 有?仍聚?青?

太白，即唐朝大?人李白。李白失意于官?，以?酒?友。?人??豪放。醉翁?月的故事，就是他做主角，??儿?酒大醉，一向有求仙思想的李太白，望?水中的明月倒影，??欲仙，竟伸手去打?水中月。

?大仙算命解??：

海中蜃蛤吐气如?，高接到天，一有??，便吹散矣。?散而复聚，如?之浮，不能?久也，此乃一片?浮景象。求得此??者，?行善以?根本，?可???久，事事不被人吹散，此??凶多吉少，要防小人口舌，宜在?天作福吉。??自算命眼

海市蜃?的?假幻象，有花?打水一?空的?兆，凶多吉少，此?下下??。?行善???本份，勿被假象所引?。

?大仙算命解??：

病者?，?亦空，蚕与畜，亦?功，??望，事??
婚不合，名未通，行未至，孕有凶，?家宅，未?隆

流年：凶??多，且有?浮的假?境。

事?：宜守，不宜??妄?，更勿与人合???。

?富：是?散，人安?格局，花?的同?，多做?善事。

自身：?好?坏，做人要有自己的宗旨。

家庭：家宅要慎防小人及意外。

姻?：夫妻、情?之?，疑云重重，要以坦?相?。

移居：??往往，浪???金?，而到??一?所?。

名?：默默工作，默默行善，勿?浮名。

健康：反反复覆，年?要防大病，小病也要??生。

友?：?人?不到，小人常加害，小心。

?水：??暗示假局不能?。

?失：??暗示?求亦不得。

自身：?善免?侵。

天?：事事不如意。

出行：?尾必不利。",
13,第13??,"第十三??：孟浩然?梅
求?吉凶：中平??

算命??：
岭南初放一枝梅 片片晶?入酒杯
?遇??人早至 如意背?占春魁

孟浩然，唐朝著名?人。早年?居鹿?山，游??南各地，生活?逸，与多座名山的僧道友善，常有?往，久有修道之意。

在宴梅道士山房一?中有「忽逢青??，邀入赤松家」一句，反映孟浩然?赤松子的尊崇。

?大仙算命解??：

?支??，是孟浩然在岭南?梅的?遇。把梅花花瓣放入酒中而?，人生极雅?之事。路上遇有??人先?一步，在其引?，得?所愿。??自算命眼

遇有?人?引，?事事如意矣，此??半吉半凶，????大?，但似有被人占以先手之象，?逢吉?凶矣，解?者要?思。

?大仙算命解??：

宅平常，??求，蚕禾造，不用?，病未愈，行有?
?六畜，慎之始，名?成，婚不利，孕生男，最?喜

流年：梅傲雪凌霜，冬天以及春初，?气?佳。

事?：如??人，?成事。但与人共事，要提防他捷足先登。

?富：求???，且要与人分。并要小心?物?失。

自身：家宅平安，一切如常，?大起大落。

姻?：避免第三者介入，?婚宜?冬季。

移居：??暗示出?多遇?人，往南方北方皆宜。

名?：苦?自知，勿望?名。

健康：很可能?有小病或慢性病，特?是气管、皮?。

友?：朋友?很奇怪，一是很能?你，一是很想?你。

?水：??暗示平常??害。

?失：?之亦可得。

自身：?善愈精神。

天?：寒暑皆合意。

出行：善者多扶持。",
14,第14??,"第十四??：??坡醉酒
求?吉凶：中吉??

算命??：
??幽?多种竹 ?春?雨在茅屋
醉??倒杏花? 怕听?儿惊?熟

??坡，宋代文?家、??家，在??字?中皆有卓越成就，被列入唐宋八大家。但仕途坎坷，曾多次被??，亦曾????省惠州等地。晚年北?，??，寄情于山水、??、字?。

?大仙算命解??：

??描??坡??的清雅生活：?了幽?，在居所周?种??竹，把??都交托?春天，或躲在茅屋里?雨，或醉后眠在杏花旁?，安然入??，最怕被??的歌?吵醒。此乃安逸之象。??自算命眼

?大仙算命解??：

名与利，莫?取，行阻?，病?愈，?六甲，必生女
蚕与畜，微有利，?婚姻，少合意，宅平常，修德美

流年：并非十全十美，但也快活?愁。

事?：工作愉快，事??大?展。

?富：衣食豊足，宜置?安居。

自身：安?，但要戒多言。

家庭：家中有喜事，如生女，更好景。

姻?：夫妻或情?之?，常有耍花?式的小?吵。

移居：??暗示旅游?很好，出入?防?物?失。

名?：不要?于表?自己，??人慢慢??您的好?。

健康：身体?比去年?好，吃多些，睡多些。

友?：朋情??，?酬?多，小心口舌是非。

?水：美中微有。

?失：??暗示小人???。

自身：安?防口舌。

天?：世事?全美。

出行：防小人口舌。",
15,第15??,"第十五??：明皇游月殿
求?吉凶：上吉??

算命??：
仙槎一?泛中流 月殿蟾?任?游
盈耳霓裳??歇 酒?吟?几?休

唐明皇，即玄宗李隆基，初登基?，整?弊政，?民??得以?展，?史上??「?元之治」，可惜后?耽于安逸，与??妃?流快活，任由?臣?污舞弊，惹出「安史之?」。

?大仙算命解??：

此??只道繁?快活之象，唐明皇得一?仙舟，扶?直上九霄，遨游月?，仙??????，??中，「霓裳羽衣曲」就因此而得，?酒歌舞，?止?休。

求得此??，?有大吉大利之象，万事如意，但要警惕勿太沉迷酒色安?。??自算命眼

?大仙算命解??：

病即安，蚕造胜，行人回，婚宜定，孕生男，家道盛
凡?事，多吉?，名与利，求??，?畜生，有佳景

流年：好好把握?一年光?，勿蹉跎?月。

事?：因得天?，?事???利。

?富：??有极可?的收入，偏?亦不俗。

自身：快活?愁，但入秋后要多加自律。

家庭：和睦幸福，有多宗值得?祝的事。

姻?：夫妻感情更上一??。情?可?秋季?婚。

移居：极有移民机?，一切如有神助。

名?：功名有成就。但要避免桃色事件。

健康：身?力健，多??，?未?健康打好基?。

友?：?人特多，而且有异性?人，宜多??事?上的良友。

?水：??暗示??兼?丁。

?失：不久自然得。

自身：平安又?健。

天?：万事俱得利。

出行：往?皆快意。",
16,第16??,"第十六??：皇叔遇水?
求?吉凶：中吉??

算命??：
天??背夕?回 ?外儿童跨??
羌笛?吹?切耳 短?腔??何哉

?皇叔，即??，偶遇水?先生，??正值夕?西下，天?的群???回巢。山?外，??了??的笛子?，原?是牧童??牛?，优哉悠哉的返家。

牧笛的?子，忽?忽短，忽高忽低，很自由，很?和，充?了快?。

?大仙算命解??：

日落山??候，天?之???巢，郊外的牧牛童子，亦?牛而?家，一路上吹得竹笛之?充?耳，此童子甚快?也。

求得此??者，既有快??求之意，又有大器晚成之象，凡事?力而?，得失?愧于心，?凡事平???，不用?心。即所??人事，?天命，明天?更好。??自算命眼

?大仙算命解??：

名与利，在晚成，婚可合，孕?惊，?行人，有?程
若?蚕，晚造胜，?疾病，保安宁，?望者，合心情

流年：????，但有高潮低潮，?程成波浪形向好?走。

事?：非困?重重，?太大成就，不?努力，年尾?有收?。

?富：??平平，宜???蓄。

自身：最宜?未?做一些??工作。

家庭：要敬?老人家，??增加福祚。

姻?：?配偶不要挑剔?唆。未婚者不宜太早?婚。

移居：移民?平平，年?亦不宜?居。必要?就只有?在年尾。

名?：切戒年少气盛，成名多在四十?之后。

健康：?方面???大??。

友?：??暗示不要巴???，宜在同?中?知已。

?水：平?亦?。

?失：?查亦可得。

自身：平安?病?。

天?：晴和如人意。

出行：??有可喜。",
17,第17??,"第十七??：月下追?
求?吉凶：中吉??

算命??：
秋水蒹葭白露盈 盈庭月色浸?清
清?吹???? ?接晨?不??

?何月下追?，是?代一?挽留人才的真?故事。?何佐??邦建立帝?，名??信投靠?邦，未?重用，夤夜??，?何知道后，立即策?在月光下追?信，?以大?，?其回心?意，同建?朝。

?大仙算命解??：

秋水蒹葭白露盈??句，是?秋景，蒹葭，是荻草与??，凝?了霜露，月色??。??自算命眼

接?是清?中的???，然后是天亮的晨??，示意追得?信回。此??有失而复得，人?其材之意。

?大仙算命解??：

名可望，?不大，婚亦宜，病?害，蚕与畜，亦??
宅平常，行?阻，?六甲，求神助，?望者，?慎可

流年：年初平平，秋后?遇上??自己的?人。

事?：有表?自己才干的机?，可考???。

?富：正?不大，但偏?不俗，可在兼?中多??筋。

自身：平安?大?，不?，?芒不要?露。

家庭：家宅亦?不妥，切勿斤斤??。

姻?：可能?出?茶杯里的?波，吃干醋。

移居：搬?和移居外?，都有很好的机?。

名?：??追求浮名，多做??工作。

健康：??大?，但要???气?生。

友?：??暗示可以遇上好知已。

?水：平局皆?。

?失：?之亦可得。

自身：修善遇平安。

天?：平常便可喜。

出行：??亦??。",
18,第18??,"第十八??：杜?泣血?客心
求?吉凶：下下??

算命??：
杜?啼血?悲? ?怨霜寒?乍惊
惊?异??异客 客心更触故?情

杜?，相??蜀帝杜宇所化，在「十三州志中」有??的??：?七??王，?杜宇?帝于蜀，曰望帝。后?望帝委派一位叫做?冷的臣子去巫山治水而成功，望帝自?才德不及?冷，乃委??冷遂自亡去，化?子?。??自算命眼

?大仙算命解??：

子?，就是杜?。而杜?思念家?，??啼泣，眼?化成杜?花。异?客人，寒夜中被杜?啼?惊醒，更加触??思。

此????下下，但小心?慎，可逢凶化吉。

?大仙算命解??：

蚕与畜，有??，孕有惊，婚不良，??得，宅有殃
行人?，未回?，?疾病，宜?禳，若?望，?不?

流年：年??程可能有?大反复，特?是在春、秋?季。

事?：?大起色，打工比?老板好?一?。

?富：求??，更???偏?，勿染指?博。

自身：多做事，少??，慎防??口出。

家庭：家人有?离之象，小心年老的病人。

姻?：?吵?繁，越吵?程越差。?量忍。

移居：即使可以移民移居，新?境亦不太好。

名?：易犯官非，切戒?斗，否?身?名裂。

健康：病痛?多，特?留意心、肺、眼睛。

友?：在逆境??真正的朋友。

?水：??暗示恐有?丁?。

?失：追?亦?得。

自身：???要防。

天?：?色多不美。

出行：往?皆可?。",
19,第19??,"第十九??：伏羲?八卦
求?吉凶：中吉??

算命??：
干卦三??太? ??勿用第一章
其中爻象能?透 百福?臻大吉昌

伏羲，即太昊，八卦的?象，?他所??，并教化人民捕?畜牧，改善生活。而八卦第一章，是干卦，三?划，?太?，????，唯智者不取。

?大仙算命解??：

求取此??者，如果能?悟到其中爻象的道理，万事?昌。??易?的道理，??都?生在身?，譬如做人怕?底，做一偏激，?人敢与你合作。

凡事要看透各方面，不能死牛一面?。光靠?、?、霸气者，?于?失?。??自算命眼

?大仙算命解??：

孕生女，病宜?，名与利，?乃到，蚕与婚，?慎好
行人?，?有路，若?望，勿?躁，宅平常，?善?

流年﹔四季皆有小?，要??而知所?退。

事?：?始?不大?利，需要耐力。

?富：求?亦是先苦后甜格局。

自身：平?，但切勿意气用事。

家庭：家中宜?造一种良好的?通气氛。

姻?：?于配偶或情?，要??一言一行，勿?怨。

移居：可??近海或山之??，以?和??之气。

名?：戒浮夸?狂，切勿出口?人。

健康：多吃新?蔬果，少?酒，少食煎炸食物。

友?：?您沉得住气，心境平和?，?有?人接近。

?水：坏??更改。

?失：??暗示求之勿心急。

自身：和平?病生。

天?：?雨及?宜。

出行：火气勿太猛。",
20,第20??,"第二十??：雪梅招?
求?吉凶：中平??

算命??：
天上仙花??种 人??事几多更
前程已注公私簿 ??分明?与清

雪梅，是古?安南?公主。征?招?。其上?是「太极殿前三尺雪」，其??竟?人??。??有一位叫做???的，福至心?，以「?寒?里一枝梅」?通，被招?附?。

?大仙算命解??：

??意是：天上?寒?里的?枝仙花，??是?种的，落得凡?，人事已??更了。每?人的命?，已由上天注定，善?到??有??的。??自算命眼

?大仙算命解??：

名与利，附之命，病??，婚未定，宅平安，要修省
孕与蚕，作福吉，行欲?，?定日，若?望，修善得

求得此??，宜多种善作福，??天?。

流年：年尾比年初好，因征?中，最末二家?雪与梅。

事?：?物沉?底，挨苦在先，享福在后。

?富：命中有???有，命中??莫?求。

自身：??暗示?人的?福，是自己言行的??。

家庭：夫妻?相敬如?，和气生?。

姻?：??暗示良?天?，尊重?方，?生活得更愉快。

移居：有南移之象，可考?往?南方?展。

名?：命中有功名，但??心朮增益或??。

健康：年中?有小病，要小心求?，勿?自服。

友?：??交意想不到的朋友，特?是异性朋友。

?水：全?心地?。

?失：求之?可得。

自身：??暗示?福自己求。

天?：?我意?移。

出行：如修善可去。",
21,第21??,"第二十一??：武?天?花
求?吉凶：中吉??

算命??：
天外?霞如抹? ??桃杏斗新?
盈眸?熳?居首 美酒?斟且酌量

武?天，唐朝的女皇帝，是?史上一??奇女子，在位?曾于冬?春未到?，要欣?百花，令百花仙子限??妍斗?，??自?鼓催花。

?大仙算命解??：

?支??是描述???花情?，天?的?霞如??，?外的桃花杏花在??，一?品??哪种花最美?，一???美酒，真是人生?事。??自算命眼

求得此??，可望富?平安。凡事有吉?凶，并必有意外?收?也。若?自身之事，更可丁???，?事平?之象也。

?大仙算命解??：

名与利，莫躁求，行?至，病?愈，?婚?，孕??
蚕与畜，要仔?，若?望，躁?敝，宅??，修善?

流年：立春后，即有一番好景。其余日子，吉多凶少。

事?：有意想不到的收?，宜把握?机。

?富：求?在春、冬二季?易，偏?亦不?。

自身：??暗示要怡情?性，戒?戒躁。

家庭：家??始?好，?入佳境。

姻?：宜在春天?婚，初冬?婚。

移居：移民的机?增大，留在目前的?境亦有新作?。

名?：切勿?求?名，欲速反不?。

健康：注意休息，凡事量力而?。

友?：朋情?，?酬多，?人亦多。

?水：??暗示小小?丁?。

?失：不久亦可得。

自身：身体亦平安。

天?：晴必多于雨。

出行：子?亦有利。",
22,第22??,"第二十二??：?妙嫦思春
求?吉凶：下下??

算命??：
秋水伊人各一方 天南地北恨偏?
相思????寄 不?凄?枉??

?妙嫦，即?姑，削??尼后，凡心未息，常常思念以前的?人。此?下下??。

?大仙算命解??：

求得此??，一?景?凄?，二?因缺乏定力，患得患失，?棋不定，?免一事?成。??自算命眼

秋水伊人，天南地北，各?一方，此恨????，?腹相思，??寄?，?不?的凄?，枉自痛?肝?。字字?心。宜多作善福，有?人扶持，才能出生天。

?大仙算命解??：

孕不吉，病??，宅蹇?，行人?，蚕与畜，?心机
名利?，婚不宜，若?望，要待?，凡有事，??祈

流年：不太如意，阻?多多。

事?：若不?心致力于一事，就?所成就。

?富：??暗示小心破?。

自身：?心又?力，?日??役役，皆因未立大志。

家庭：夫妻若互不信任，?家?宁日。

姻?：情人有分离之象，不宜嫁娶。

移居：一?不如一?，此心安?是吾?。

名?：切忌婚外情，勿?已婚夫?。

健康：身体多病，皆因凡事看不?。

友?：小人?中作梗，有事?多找朋友商量。

?水：??未能?。

?失：阻隔?不得。

自身：?心未平安。

天?：多不如人意。

出行：去之必不利。",
23,第23??,"第二十三??：?生?
求?吉凶：中平??

算命??：
邯?一?幻?? ??身?是熟眠
???衣?故里 睡醒??在心田

邯?幻?，即是?粱美?。故事?生在唐朝，有一?，叫?生，在邯?旅店投宿，遇一姓?道人，?他一?枕?，睡在上面，?了一?，享了几十年繁?。?醒?肚?极，店主?中的?梁?未煮熟呢。

?大仙算命解??：

?支??提醒人??相信幻象，要?踏?地，欲想衣???而又不是?白日?，就要?踏?地。??自算命眼

同?，亦有暗示，不要受?，小心?人的甜言蜜?，糖衣炮?。

?大仙算命解??：

名与利，似?花，婚不成，孕亦假，宅平常，行人?
蚕小利，病未愈，?望凶，徒咨嗟，速修善，???

流年：年?有不少机?，宜好好把握。

事?：大起大落，成拉据?形?。??，?忍，有好?果。

?富：??有?蓄，?量?省?必要的花?。

自身：不要被小小成功而?昏??。

家庭：婚外的?惑，?使您的?气更坏。

姻?：??像?又像花，好好的，忽然又散了。

移居：辛辛苦苦做的?划，忽然?遇上大阻力。

名?：克制??心，???美?人，?令自己??。

健康：男性易患神?衰弱，女性易患暗病。

友?：朋友口??得好，但?有太多???助。

?水：??暗示?空有局。

?失：?之空?力。

自身：暗病恐有之。

天?：似好而?非。

出行：得之恐复失。",
24,第24??,"第二十四??：白居易??
求?吉凶：下下??

算命??：
?酒琴棋可解愁 座中?客??休
或?或唱?知美 冷??多亦是?

白居易，唐朝大?人。才情??，但官?并不亨通，?支?的意景，在白居易著名作品琵琶行中亦有出??，「其?日暮?何物，杜?啼血猿哀?。」

?大仙算命解??：

春江花朝秋月夜，往往取酒???。?酒琴棋?然可以解愁，但是?伴，又怎能行?呢？自?自唱??欣?？?自?酒，既冷淡又哀愁。??自算命眼

此乃下下??，宜多修身。??于?境，而未免有?愁，急宜??善?，?使善与人同。??求多而??愁矣，?此??凶多而吉少，宜在社?作福吉。

?大仙算命解??：

?与?，忌??，孕不吉，婚莫求，行人?，病未愈
??望，恐惹愁，蚕与畜，亦可?，?家宅，德宜修

流年：事?多阻?，尤其在秋季。

事?：小人特?多，而自己的?划，也要??是否?于保守。

?富：勿吝???，好好享受一下，最好与?人分享。

自身：本??人?程已稍差，再加上意志消沉，就更坏了。

家庭：???家中?人展?笑?，家??好一些。

姻?：在改??事做人的消极?度之前，追求异性多不能成功。

移居：有搬?及移民的机?，但新?境亦未必如意。

名?：人??系搞不好，最好能??改?形象。

健康：常有小病，秋天防大病。

友?：要?出自我的封?，?大社交圈子。

?水：砂水不?抱。

?失：?之?人力。

自身：修善免?愁。

天?：?雨亦可?。

出行：去之惹?愁。",
25,第25??,"第二十五??：朱洪武登基
求?吉凶：上吉??

算命??：
群山扰扰朝中岳 有似与臣列?班
拱立?行?整? 自居此地???

朱洪武，明太祖朱?璋，少年?曾在皇?寺出家。幼?家?，放牛以?家?，曾与一群牧童登上嵩山?：他日我若?皇帝，群臣就像群山一?，向我拱立朝拜。

后?朱?璋建立明朝，果然尊五岳?神。五岳：?岳泰山、南岳衡山、西岳?山、北岳恒山、中岳嵩山。

?大仙算命解??：

此??有位高得意之象，群山??向中岳朝拜，好象臣子列班，整?又??，居此位置，怎能不?心呢？若求得此??者。必得事事如意，步步高升也。 ??自算命眼

?大仙算命解??：

名与利，求必?，病遇?，?有?，行人回，家道盛
孕生男，婚可?，畜与蚕，造造胜，??望，往有?

流年：大吉大利，多年的愿望极可能在最近??。

事?：更上一??，做生意?有新?展，做工的??升?。

?富：??很好，而且有多??路。

自身：事事?意，?人多。

家庭：家庭多快?，小心勿沾婚外情。今年有添丁机?。

姻?：今年最适合?婚。

移居：?南西北，四方皆有好出路。

名?：能?助?人，??得到更大善果。

健康：即使有小病，立等可除。

友?：可望?交另一??面的新朋友。

?水：??暗示此地必??。

?失：求之可以得。

自身：?善大吉昌。

天?：?雨皆?期。

出行：??有?人。",
26,第26??,"第二十六??：徐庶?家
求?吉凶：中平??

算命??：
花彩??侵砌上 ?知月?挂?空
忽??唳?凄切 早??舟返里中

徐庶，三??代一?杰出的政治家、?事家，与孔明是好朋友。本?，徐庶是有心?佐??建立帝?的，但曹操?利用徐庶母??作?人?，使徐庶改?初衷，返回家?，落入曹操手中。

?大仙算命解??：

徐庶离????，走?荐?葛亮，极力推崇孔明。徐庶?家后，被徐母大?他上了曹操的?。孝???存，徐庶在曹操手下做官，始?是身在曹?心在?。??自算命眼

此??是描述徐庶被曹操放假后，思念母?，?家心切之情。此??吉中有凶，但逢凶亦可以化吉，知?避便??，宜防小人是非口舌。

?大仙算命解??：

一?凶，即收手，?望事，看??，早修功，?必敝
有病者，早?功，?家宅，亦相同，行??，孕有惊

流年：上半年不?，但下半年就逐?走下坡。

事?：工作和生意都算?得去，但常有不愉快的事?生。

?富：正??有，但不太大。投??博要小心。

自身：??一言一行，使上半年?更好，下半年?不算太差。

家庭：家中的老人，可能?生病。亦不宜今年生育。

姻?：??暗示最好?婚期押后至明年。

移居：有移居的机?，有意者，宜把握。

名?：不喜?浮名的，名?找上??。刻意追求的，?得不到。

健康：四肢五??大?，但容易精神??。

友?：有助朋友成功的?气，何不珍惜?机?？

?水：??暗示?凶即要避。

?失：?得莫?求。

自身：修善可安身。

天?：好不能到尾。

出行：到底要知机。",
27,第27??,"第二十七??：越王复?
求?吉凶：中平??

算命??：
天晴粉蝶翻衣晒 又看庭前??排
?伍整??或退 ???合思何佳

?支?，用蝶?知?，?比喻越王勾?复?的苦心和知机，凡事要????，?其自然，??易成功。天晴?，粉蝶就?把被雨露沾?的衣服?晾晒。??自算命眼

?天气炎?，暴?雨??之前，??就?排列成行，整?地前?或后退，?形???合。

?大仙算命解??：

人与物同，各得其意，便是快活。求得此??者，自己不妨仔?思考其中哲理，可以得到莫大的?示。

?大仙算命解??：

?微有，宅平常，婚可合，孕?妨，蚕与畜，亦??
病可?，行??，??望，要??，?与退，要知机

流年：??平?，但入冬要提防小人。

事?：知所?退，不宜做得太?。

?富：每一??都是勤?所得，莫???。

自身：心安理得，平安。

家庭：家?在融洽祥和气氛下，向更好?上升。

姻?：可能有多???，宁取踏?勤?的。

移居：?移的??很?，可小心?行。

名?：在?滴?取中，?得他人尊敬。

健康：?大?，四季注意?水??，更佳。

友?：很容易找到志同道合者。

?水：??暗示平??防。

?失：或可以?得。

自身：出入亦平安。

天?：?雨合人意。

出行：去之亦?防。",
28,第28??,"第二十八??：白居易听琵琶
求?吉凶：中平??

算命??：
船泊??月夜天 琵琶一曲?人怜
相思?地??寄 白雪摧人上??

白居易在??江?夜送客，在船上听到?耳的琵琶?，????，得?一失意女子，「同是天涯?落人，相逢何必曾相?」，白居易有感于自己的落泊与琵琶女的遭遇，?成了著名的??琵琶行。

?大仙算命解??：

?又是一支与唐朝?人白居易有?的??，不?，?是中平，而第廿四?是下下。??是，廿四?失于孤?﹔?支??中平，因?，?算有片刻的??。??自算命眼

???中?有快活，但极短?，宜修身，忍守。??大?，亦??喜之?，凡事亦凶多而吉少也。

?大仙算命解??：

功名?，求??，行未至，宅?辛，?婚姻，非美?
孕生女，病?愈，蚕与畜，得利微，凡?望，?可取

流年：年??然?中有小小好?境，但大?未?。

事?：宜守不宜攻，有?人而助力不大。

?富：今年求?????，??力??。

自身：?事切勿多言，言多必失。

家庭：家中常有小麻?，小心化解，勿?其?大。

姻?：不要追求?方的外表，特?留意其?心世界。

移居：出?或?居，?境均不理想，最好?且不要考?。

名?：??暗示?功名可求。

健康：小小的病痛，也?造成????的困扰。

友?：在患?中，才??真正友?。

?水：失?未能?。

?失：?之亦不得。

自身：修善可平安。

天?：世情?可喜。

出行：??恐不美。",
29,第29??,"第二十九??：?翰思?
求?吉凶：中吉??

算命??：
??作?菊花? 美酒盈樽近晚?
泛棹正?潮上候 ?般往景??央

?翰，?代?郡人，有?之士，曾被?王召?大司?，??政局??，?翰不欲卷入政治旋?，于是托?秋?起，思念故?的??、菊花，?官?故里。

?大仙算命解??：

此???只?中吉，但知足者求得，一定有很愉快的日子，凡事平???，是安?也。??自算命眼

??作?，?就是?生，有?菊、美酒相伴，在秋高气爽的?昏，泛舟在?潮的湖上，?想一想，??的良辰美景?心?事，?有什么?愁。

?大仙算命解??：

名可望，人??，婚姻合，行人回，?六甲，必男胎
蚕与畜，美利?，宅平?，病??，?望事，任取裁

流年：??大富大?，胜在平安，尤其秋后更佳。

事?：?可攻、退可守，但求心之所安。

?富：在您不太刻意去追求?，它悄悄?了。

自身：大致平?，即使有什么事，立秋后也可解?。

家庭：一家人?也融融，年尾有添丁之喜。

姻?：蜜?很好，感情?展有可喜的突破。

移居：用?聚?理由，??容易取得移民?。

名?：自然而?，不怕您不要，只怕您推不了。

健康：保持心境?朗，注意消化系?保?。

友?：在?一年中，有很多次与?方?朋?聚的机?。

?水：??暗示丁??字?。

?失：?之得原物。

自身：交秋亦平安。

天?：交秋更可喜。

出行：一路都?利。",
30,第30??,"第三十??：?妃自?
求?吉凶：下下??

算命??：
???城媚百生 六?粉黛??名
?嵬山下魂?去 至今明皇?恨情

唐明皇因?日与??妃享??奢淫?，荒?朝政，惹?安?山兵?，京?有危，六?保?往四川方向撤退，行至?嵬坡，?士忽然不肯再行，一定要唐明皇先?死??妃。

在?可奈何之情?下，一代?色的美人在君皇掩面不忍卒睹?，自?而死。??自算命眼

?大仙算命解??：

此???下下，求得者能引以?戒，仍可避凶。因??妃死后，在天上与唐明皇相?。??首?句，???妃?色天姿，?流得意?。??后?句?死后与唐明皇?相思。

?大仙算命解??：

宅受劫，求??，行不?，病未安，蚕与畜，皆不到
婚不成，孕恐?，?望凶，事多?，凡有事，?祈?

流年：大致不太好，凡事?好即收。

事?：做事要???防，防人防己，戒?戒?。

?富：?望有什么可?收入，宜?守。

自身：常有?假佳景，在快???伏危机，要步步??。

家庭：夫妻感情很好，但与其他家庭成?相??，要注意??。

姻?：?情?有多次考?，要抗拒第三者的?惑。

移居：勿主??移，但要小心。

名?：小心??令您名?地位受?。

健康：??暗示注意切勿沉迷酒色。

友?：?容易??人妒忌，不要在朋友面前出??。

?水：丁?俱恐退。

?失：?之?可得。

自身：????辛。

天?：凄??可悲。

出行：不吉??言。",
31,第31??,"第三十一??：蔡中?遇?
求?吉凶：下下??

算命??：
狂??雨打船篷 溪畔桃花?落?
惊醒?翁春?熟 持篙?去失西?

蔡中?，北宋人，在福建泉州?官?，修建洛??，凡事?力??。洛??工程宏大，以??的建筑技朮而言，?在是奇?，??中有神仙?助。

?大仙算命解??：

?支??是?蔡中?晚上乘船?察工程?，忽然遇?。狂??雨，吹打?船篷，河?的桃花，都被吹落了。??自算命眼

惊醒了船上的?翁，慌忙中，水流湍急，不?南北西?。此?下下??，恐有惊?之象。

?大仙算命解??：

?耗散，孕有惊，宅不吉，病未宁，畜与蚕，得利?
行人?，??程，?婚姻，不可成，若?望，勿妄行

流年：有凶?，宜提高警?，凡事要集中精神。

事?：常??手上的工作，提防措手不及。

?富：散?格局，可主?作公益，多?福。

自身：有麻?，易惹官非，勿与人??。

家庭：家中?有不如意事，要多依靠??及配偶。

姻?：?情?到十字街?，茫???。

移居：??暗示出?要小心，乘搭交通工具要儆醒。

名?：今年要踏?勤?，戒出??。

健康：平日要增?体?，有病立即??生。

友?：?然朋友很多，但有??，?不了大忙。

?水：受煞有?害。

?失：?路?不得。

自身：身子不常安。

天?：??暗示??宜?避。

出行：去之?不宜。",
32,第32??,"第三十二??：?武牧羊
求?吉凶：中平??

算命??：
十九年前海上辛 ?旄惆?逐沙?
餐毛嚼雪?怜我 惟有羊儿作伴群

?武，?代的一位忠臣。武帝派他出使匈奴，被番王?于拘留，威迫利?，要他??投降，?武不屈，被放逐北海牧羊，所牧者皆公羊，番王下令，除非他回心?意，又或者公羊能?子，才能??。

?大仙算命解??：

?武?雪吃草籽，在?雪中挨了十九年，才得以??。?宣帝?爵??侯。?文道??武牧羊的?辛，十九年如一日，天天?握?朝的使?杖牧羊，最后??杖旗旄也被?吹去才得??。

求得此??必要立心忠直，?忍受苦，凡事有神助，化凶?吉。以?武之忠，?后?得???官也，就??而?，凡事极其辛苦，但到底可?目的。

?大仙算命解??：

??求，名不遂，行??，宅??，??望，事??
畜与蚕，宜仔?，?六甲，??神，病修善，免痛苦

流年：仍在?辛?扎中，要意志?定。

事?：??您在???是守?，都不要受外界影?。

?富：求?甚?，要?持。??自算命眼

自身：凡事忍耐，多作福，多做公德。

家庭：家?阻?多，提防小人?中作梗。

姻?：是?情?受考?的一年。婚事?了??冬天再?。

移居：有搬?之机?，往南方比往北方?佳。

名?：大器晚成，勿追求急功近利。

健康：??暗示常有小病，但??大雅。

友?：?您感到孤寂?，不妨主?去找??日朋友。

?水：地??塞?。

?失：求之亦?得。

自身：作福可免病。

天?：??暗示??恐不止。

出行：去之?不利。",
33,第33??,"
?大仙算命??33
第三十三??：孔明借??
求?吉凶：中平??

算命??：
曹操?有深?? 智慧???葛侯
?看??都可借 更能流?木成牛

三??期，孔明是??的??、丞相，在与奸雄曹操抗衡中，曾多次?用智?，把曹操打得落花流水。

?大仙算命解??：

?中所?，只是其中??代表作，一是孔明借??，火?赤壁﹔
二是?明了木牛流??种??工具，?送?草??。曹操有????，但也?胜??葛亮的智慧。??自算命眼

求得此??者，事?大小，都要心存正?，切勿自欺欺人，做事光明正大，才可以?离小人。凡事不利，要防小人是非口舌，如立心光明正大，化凶?吉也。

?大仙算命解??：

宅平常，??有，蚕与畜，慎看守，孕与病，?神佑
?婚姻，非吾偶，行人?，要?久，?望事，恐?就

流年：?一年的?气很特?，?常有突?事件打?原??划。

事?：并不太?定，凡事必??力??。

?富：有大?机?，但要把握?机，靠?力与?色去?取。

家庭：?吵极多，必?公平理智地去?理。

姻?：最好勿在今年?婚，除非?人有足?信心。

移居：?有搬?机?，但要小心?物。

名?：在?事待人中，??人??自己的才智与毅力。

健康：有病?，莫??，要找?生?查。

友?：在朋友中，有人?您并不太忠?。

?水：??暗示?以?丁?。

?失：?以得原物。

自身：略有不平安。

天?：?以?天机。

出行：亦恐有不美。",
34,第34??,"第三十四??：虞舜耕田
求?吉凶：中吉??

算命??：
大舜?耕在?山 心常孝????
田中之象同家象 善?分明即此?

舜，中?古代的一位部落?盟?袖。大舜，是尊?。

?大仙算命解??：

?支?，有孝感?天的含?。大舜?然在?山?地方耕地，但心里很挂念家中的父母，最?能可?的，是??位老人家，都是??盲塞固?的，而大舜事?最孝?。??自算命眼

?老在大舜工作期?，?常因?吵而要大舜赶回家中去排解。幸而所?的大象，感于大舜的善良，都很听?，?助他耕种及?理家?。

?大仙算命解??：

蚕与畜，善?胜，欲求?，善乃?，?望吉，善乃得
孕有喜，善所致，?婚姻，善??，行可以，又可思

流年：平安中有不少好机?。

事?：凡事?力而?，可以考???或?新?。

?富：??自有方，??刻意去追求。

自身：与人?善，不?不妄，戒?戒躁。

家庭：家和万事?，?孝?父母。

姻?﹔?找到情投意合的良伴，今年宜婚。

移居：有很好的机?，而且，父母可以?大忙。

名?：容易得到?人的信任和??。

健康：身体本??大?，但偶有??。

友?：?于助人，人亦?于接近您。

?水：??暗示福人留福地。

?失：??人事?。

自身：?善得平安。

天?：善者天佑之。

出行：去之亦可喜。",
35,第35??,"第三十五??：唐僧取?
求?吉凶：中吉??

算命??：
天?降任此其人 筋骨先?苦彼身
莫?佳景?可易 ??富?有前因

唐僧，即唐三藏，本姓?，法?玄奘，唐人高僧，曾往印度研?佛?，十余年后返?，全心致力??，凡一千三百三十五卷。他取西?的?辛故事，在民?流?甚?，最?炙人口的是西游?。

?大仙算命解??：

?支??是先苦后甜，凡事要?心?力之意。上天要人做大事，首先要令他筋骨辛?，心?受苦，甚至?要挨?。千万?以?好景是天上掉下?的。每一?人今天享福或挨?受苦，都是有前因的。??自算命眼

?大仙算命解??：

名与利，求??，蚕与畜，?力看，病?愈，婚有?
?家宅，要?德，?望者，???，?行人，?揣?

流年：先苦后甜，每一天都有新的挑?。

事?：事?型的人，求得此?，可以放心?力去?一番大?。

?富：勿急功近利，宜放?眼光，勿???。

自身：常有小波折，心定志?，可平安?渡。

家庭：?善之家有余?，莫???小事?吵。

姻?：遇上有?人，可在秋后?婚。

移居：有搬?机?，宜取向西。

名?：真才?料，人多敬佩。

健康：多??，多食蔬果，身体更好。

友?：不妨?大社交圈子，大有机?与外?人交往。

?水：??暗示?到自然?。

?失：?之宜勉力。

自身：修善得平安。

天?：丰耗?定期。

出行：?退?慎之。",
36,第36??,"第三十六??：薛平??家
求?吉凶：中吉??

算命??：
此事真如到岸船 何??水不相全
??便?前村落 屋角斜?渺已?

唐朝?，王丞相??球招?，王家小姐??意?薛平?，于是，?球便落在他身上，唯王丞相嫌平?寒微，有反悔之意。

幸??情比金?，宁愿放?富?，下嫁到平?的寒?，?宿?栖。婚后不久，平???征?，而????守寒?。

?大仙算命解??：

?支??是平?在?中建立?功，得意回?，与妻子??重逢的好景──眼前的事，就好像船靠岸，?愁?有?景？??自算命眼

抬??到前面的村屋，在夕?里升起??的炊?。心安快?，????，求得此??者，事事平?，有吉?凶。

?大仙算命解??：

名利就，?相全，孕??，病?愈，宅有福，行人旋
蚕有利，婚可?，??望，有机?，六畜吉，宜向前

流年：由年初到年尾，??一天比一天好。

事?：定一?可行而又?大的?划，然后逐步?行。

?富：??自有方，偶然遇上小困???心。

自身：逢凶化吉，??有?人扶持。

家庭：夫妻恩?，互相有助?作用。

姻?：有?情人?成眷?，最好勿???角度衡量?方。

移居：有?倦知??象，移民了，很可能再回?。

名?：??暗示名成利就，?得?人?羡。

健康：困扰多?的病痛，在注意休息后?愈。

友?：朋友能互相?助，有异性?人。

?水：??暗示丁????。

?失：?之?可得。

自身：??暗示出入皆平安。

天?：?雨俱合意。

出行：往?皆可喜。",
37,第37??,"第三十七??：?坡游赤壁
求?吉凶：上吉??

算命??：
月夜秋江下?? ?形恰似四腮?
家藏??堪盈斗 与友???倒?

??坡?然官?并不太好，但胜在名士?流，交游??，寄情于山水之?，??良辰美景，与知己?酒唱酬，亦人生一?事。??坡游赤壁，?下了??千古的大江?去一?。

?大仙算命解??：

?支???述??坡游赤壁的?心?事，秋月照在江水，与好朋友泛舟垂?，居然?到极品四腮?，所以把家藏的?酒拿出?，与大家分享，共度?段???光。??自算命眼

有一斗家藏?酒，与好友共斟同?，此乃快?优游之景象也，若求得此??者，所??遂，百事皆?，???利。

?大仙算命解??：

婚姻合，家宅?，病必愈，利即盈，蚕桑美，畜?成
?六甲，有子生，?行人，有?程，??望，百事享

流年：有天?、地利、人和、可以??。

事?：常有意外的收?，最宜与人合作。

?富：既要懂得??，也要懂得享受人生。

自身：快快??，???愁。

家庭：家??隆，但要鼓?后???。

姻?：今秋?婚是?好主意。

移居：?居??很?，到新地方有更好?境。

名?：最好能保持??、?和。

健康：?病?痛，但莫??量之酒。

友?：在旅行????有趣的新朋友。

?水：??暗示富?兼丁?。

?失：?之即可得

自身：?病兼??。

天?：??暗示丰稔大可喜。

出行：到?皆合意。",
38,第38??,"第三十八??：陶?明?官
求?吉凶：中吉??

算命??：
?去?兮仕官? 室堪容膝亦?安
南窗寄傲??酒 倚杖徘徊?看山

?朝，陶?明不?五斗米而折腰，?官不干，返?下享其清福。
????的生活，他?此而?的?去??，就是?支??的含?。

?大仙算命解??：

?去?兮，做官有什了不起？回到我?陋的家?，?然家居窄小，也?得安??比。倚?南窗，寄托我的傲气，与知己把酒??。??自算命眼

?杖登高，到?行?，??山林美景。求得此??，?得清?，有吉?凶。

?大仙算命解??：

名不成，??至，畜与蚕，微微利，婚不合，孕生女
病可?，行人至，??望，要知机，宅平安，修善美

流年：??暗示平?而已，既?大喜，亦?大?。

事?：今年并非?事之年，最好?且勿?展新?划，宜?守。

?富：不要奢望有急?，但收入?定，冬后求??易。

自身：很优悠?意的一年，有机???一?自己喜?的新技能。

家庭：和?愉快融洽，如家人有孕，?女机??高。

姻?：??像捉迷藏，你急??方不急，?方急?你又不急了。

移居：到??梅一?花，一?不如一?。

名?：??暗示常有小人背后中?，千万?出??。

健康：多??，?好身体，等待?机。

友?：新朋友很多，但都不是事?型的。

?水：??暗示平??防。

?失：?之或可得。

自身：修善自平安。

天?：平局?大喜。

出行：?要??避。",
39,第39??,"第三十九??：夷???
求?吉凶：中吉??

算命??：
夷?不忍食周粟 兄弟心甘采蕨餐
??名?垂万古 可怜?倒首?山

伯夷与叔?，商朝孤竹君的??儿子。孤竹君??立幼，死后立叔???承人，但叔????要??哥哥，伯夷也拒?接受，?果，?人放?做君王的机?，先后逃到周?。

?大仙算命解??：

周武王代?，伯夷叔?叩??阻，周王?商后，?人?食周粟，逃到首?山，采薇蕨野草充?，最??死。伯夷叔?一向都被知?分子崇拜，?高尚?气的榜?。??自算命眼

求得此??者，??于吉中有凶，有失?的??。首?立一?善心，?忍受苦，先?而后易也，此??吉中有凶，宜慎之。

?大仙算命解??：

婚不宜，??得，畜与蚕，宜勉力，宅平安，病?极
?六甲，?喜色，?行人，?阻隔，若?望，少合适

流年：本?有不少机?，但由于未能把握而失去。

事?：宜采取“?牛??”?策，?打?扎。

?富：极?有??，但常有偏?，可考?兼?。

自身：有很多麻?事?身，每日的事情每日要解?。

家庭：家中有人可以?您一把力。

姻?：??暗示今年最好?考??婚。

移居：?存?幸心理，除非新?境一定?好，否?宜守?。

名?：不要意气用事，在名利?上有很?的?手。

健康：年中可能有病，小心?胃。

友?：?友?易?害您，凡事多与家人商量。

?水：??暗示??未能?。

?失：?得回原物。

自身：失?恐?辛。

天?：有事亦?知。

出行：去之恐不利。",
40,第40??,"第四十??：伯才碎琴
求?吉凶：下下??

算命??：
人世知音能有几 碎琴都?子期亡
?前洒?千行? 隔???各一方

春秋?，出了一位杰出的琴?伯才，他有一位知音，就是?子期。可惜?子期比伯才先离??世界。

伯才悲痛不已，把心?的琴摔得粉碎，哭?在?前?：世上只有子期才??我的琴意，子期死了，??相隔，天各一方，?琴?有什么意思呢！?此真的不再?琴了。

?大仙算命解??：

俞伯牙擅?琴，?子期死，伯牙以世上?几人能知音。?琴破碎不复再?琴，?此??相隔洒??前。此痛恨之象也，求此??者，必要?慎，宜多行善事，乃能化凶?吉。??自算命眼

此???下下，既有悲痛之象，百事不利，亦有失友失物之意，暗示本身的才??人??。求得此?者，宜平心?气，修身力?，退守一段??，再待?复出。

?大仙算命解??：

行阻?，病留?，孕不吉，婚??，蚕与畜，少利?
求?空，慎?鞭，?望事，勿向前，宅修德，乃安然

流年：不利，忌吊?。探病亦要仔??日。

事?：停?不前，外界?境不好，要靠自己努力。

?富：要慎防破?失物，切勿投机?博。

自身：常有突然而?的麻?，要?定力去化解。

家庭：家中的?水，大有改善之必要。

姻?：?遇有情人，但今年???合。

移居：移民???展，搬?有机，但要小心。

名?：退一步，海?天空，做人勿太??。

健康：四肢?有小毛病，如有神?衰弱，一定要?解自己。

友?：??暗示朋友??您，?易?累您。

?水：??暗示失?恐有害。

?失：?之亦不得。

自身：多事恐?神。

天?：可??可喜。

出行：去亦?一利。",
41,第41??,"第四十一??：????石
求?吉凶：中吉??

算命??：
浮槎月夜到天河 曾?天姬??梭
石得支机人罕? 那知此?出云?

??，?朝，曾多次出使西、北??，?于文化、??交流有很大??。??通西域，有?史??。玉??外的?石、音?、葡萄，就是由他?入中原的。

?大仙算命解??：

?支??是???月夜泛舟，?到天河，?仙女在??，他悄悄地取去?机上的一?石?而?，回到凡?才知道原?是?石！??自算命眼

求得此??，有福自然?，而且又有身在福中不知福之象。凡事吉祥，?勿?心。?力行方便，善与人同，自有?人???矣，?得之?而我?得之，吉祥也。

?大仙算命解??：

婚可合，行?至，??畜，亦得利，孕生女，病可祈
宅??，?善宜，求?者，亦合?，?望事，?勉力

流年：适合?事的一年，年底有意外惊喜。

事?：凡事要?力??，?极?取。

?富：?富在不知不???聚。

自身：平安，?人特?多。

家庭：快活?愁，可以享?天?之?。

姻?：??暗示蜜?在今年极易成功。

移居：有出外旅游的机?，移民手?可??理。

名?：在社交圈子中，您的??勤?被人欣?。

健康：?大?，但天气?化?，要小心?食起居。

友?：???很多好朋友，?住勿?异性存歪念。

?水：??暗示?到自然?。

?失：?之?可得。

自身：身体亦平安。

天?：得利?人知。

出行：去之亦?防。",
42,第42??,"第四十二??：王允?貂?
求?吉凶：中吉??

算命??：
月明散步到花? ?策焉能剿?奸
幸有貂?思定? 英雄??美人?

???期，奸臣董卓?道，民不聊生，王允?美人?，?貂?，董卓与其?子?布因?美女而不和，董卓?于失?，暴尸荒野。

?大仙算命解??：

???是?王允徘徊月下花前，正?剿?奸臣??筋，幸然婢女貂?自愿以身??，使王允的美人?得以成功，是英雄??美人?也。??自算命眼

求得此??，今年有几?一定要注意，凡事立心要忠?正直，切勿与坏人同流合污，要全力以赴，并要有信心。要立心忠直，有此善心，可以感?得人，必有?人扶助，先?后易?必成功也。此??有吉?凶，但要防避小人口舌。

?大仙算命解??：

蚕与畜，今??，若遇?，即返本，?可得，病必愈
婚可合，行必旋，?望吉，宅安然，孕生女，女必?

流年：?气不俗，而且?在自己手中。

事?：凡事起??，?事情有???，已?是成功的?始了。

?富：宜作??投?，勿太?眼???失。

自身：先苦后甜，?指望不?而?。

家庭：家宅平安，家?要有?理，可望生一?明女。

姻?：女追男的格局?易成就好姻?。

移居：出外，??移民旅行，要戒酒色。

名?：在?干中??才?。

健康：??一??以解?的??而???身。

友?：不少人主?向您表示友好，有女?人。

?水：??暗示避煞方得吉。

?失：??人可得。

自身：先?而后安。

天?：苦中有滋味。

出行：防避小人吉。",
43,第43??,"第四十三??：?文公被?
求?吉凶：下下??

算命??：
只因直?怒天? ?夜?离在?鞍
主仆奔忙神亦倦 更加雪重???

?愈，唐朝一位很有??的人，?官正直敢言，因上??迎佛骨，而被???潮?。

?大仙算命解??：

此??是?述??在??途中的凄?景?：因?直言??，而惹怒皇帝，早上上?，?晚就要起程到??的潮州。??自算命眼

?了赶及上任新的潮州剌史，必?日夜赶程，人不离?鞍，?愈忙于奔命非常疲倦的?候，更遇上大雪?塞??，人?受阻于途，?再上前一步。此?下下??，得罪皇帝，前途未卜。

?大仙算命解??：

?不遂，名未通，病?愈，?望凶，畜与蚕，亦?功
行有阻，婚莫?，孕不安，宅??，凡有事，宜仔?

流年：凶??多，阻?重重，小人加害。

事?：天?、地利俱失，唯有自己努力。

?富：求?甚??，收入极可能?少，要准???日子。

自身：是非多多，容易得罪?人，小心。

家庭：若想退可守，就要家庭和?。

姻?：?情路上，坎坷不平。

移居：勉????境，新的地方更?辛。

名?：切忌与人?一日之?短，要保持?卑。

健康：保存?力，?朗一?，等待?机。

友?：宜与?份低，年??的人?朋友。

?水：??暗示丁?俱塞?。

?失：?之亦?得。

自身：辛苦多是非。

天?：防少晴多雨。

出行：??暗示事?甚?成。",
44,第44??,"第四十四??：唐天??花
求?吉凶：中吉??

算命??：
??春色斗新? 意似?妍??香
到底是?居?首 牡丹?冠百花?

唐朝天?年?，太平盛世，唐玄宗李隆重基在位。??，世人甚?牡丹，以之喻意富?吉祥。

?大仙算命解??：

?支??是??百花??，牡丹被??百花之首的情景。??春色，百花都在炫耀自己的新?，大家都有意???香的殊?。??自算命眼

到底是?名列第一呢？你看牡丹！她??群芳，?得全?冠?！
此???只是中吉，但有春?得意之好兆?。

?大仙算命解??：

求名遂，求?得，畜与蚕，均有利，病可安，孕可喜
宅平安，行人至，?婚姻，亦合宜，?望吉，勿思疑

流年：大吉大利，立春之后，就已?入佳境。

事?：一枝?秀，力?群英，宜趁???。

?富：求??以往?利得多，但要?蓄，以防花落?。

自身：平安富?，?多愿望都?在今年??。

家庭：喜事重重，宜好好?祝生日，婚禧等大日子。

姻?：在情?，您是?胜利者。今年是?婚好?机。

移居：左右逢源，去到新地方?有新?展。

名?：??暗示要保持自己的良好形象。

健康：偶有小病，但要看?生，切勿胡?自己治?。

友?：在得意?朋友更多，花些心思在其中必有重情?者。

?水：??暗示得????。

?失：??暗示求之?可得。

自身：身子心平等。

天?：凡事合人意。

出行：去之亦合宜。",
45,第45??,"第四十五??：王?遇仙
求?吉凶：中平??

算命??：
采樵不意到云天 ?年敲棋二老仙
柯?也思?故里 出中七日世千年

?大仙算命解??：

王?，本是一位平凡的樵夫，有一日，上山砍柴，?意中，??仙山，看??位老人家在下棋，棋局适逢高手，?化万千，非常有趣。

王?看得入神，忘?一切，七日七夜，很快就?去了，王?才??自已??的斧?竟然?了，才醒悟要取柴回家。?他返回家?，一切都已?改?了，?有人??他，他又不??任何人。??自算命眼

??之下，才知道他离家已?一千年了！?就是山中方七日，世上已千年的故事。

?大仙算命解??：

?可有，婚可成，蚕与畜，得利?，病可?，行人?
??望，亦合宜，?家宅，亦平安，孕??，心略?

流年：平?中有机?，如不把握，就?浪?。

事?：再好的?划，不去?行，也等于零。

?富：一切靠自己努力，否?如入?山空手回。

自身：本身有仙?，有天?，要修?，行善。

家庭：家境小康，夫妻在平淡中??感情真?。

姻?：?情?很好，常有“快活不知?日?”之感。

移居：?或不?，已有定?，?者俱吉，但求心之所安。

名?：?有?人栽培，但与?名??。

健康：多作?外活?，?命百?。

友?：??交一些有??修?的朋友。

?水：平常亦?。

?失：求之或可得。

自身：??暗示修善有仙?。

天?：平淡?甚喜。

出行：?退任人意。",
46,第46??,"第四十六??：左慈?曹操
求?吉凶：下下??

算命??：
?柑?盒?曹公 剖看原?肉?空
怒?奸雄??斧 奔忙身入万羊中

左慈是三??代，一位?奇人物，曾多次?用法?，?弄曹操，令??已患有?痛痼疾的一代奸雄，更加?痛。但左慈最后亦被曹操追?，不知所?。

?大仙算命解??：

??中所?的只是左慈?曹操的其中一?例子，他把盒子外表金?的极品柑果??曹操，用刀切??一看，里面?是空空如也。??自算命眼

激怒了奸雄曹操要把他追?，他?忙混在羊群中逃走。?支??暗喻，在好的假象中，有极坏的?伏。

?大仙算命解??：

病有?，孕有惊，蚕与畜，少收成，名不遂，?不就
?行人，??程，婚不?，宅未宁，?望事，不可行

流年：不是好?年，勿被表面的好?所欺?。

事?：与?手交??，要步步??，小心陷阱。

?富：??甚差，切勿?小便宜。

家庭：家?尚算平?，只是不宜在家聚?。怀孕者宜多加小心。

姻?：情海中常有?幻莫?的?波。勿考?今年?婚。

移居：?是留在原居地，守一段日子再?。

名?：?离黑暗?力，否?官非速至。

健康：?有的病患?好?坏，并小心?化。

友?：肯?您?逆耳忠言的人，?在不多，值得珍惜。

?水：??暗示妄?恐犯煞。

?失：?求生是非。

自身：修善可消。

天?：世??可悲。

出行：去之大不利。",
47,第47??,"第四十七??：??索?州
求?吉凶：中平??

算命??：
??千里?西蜀 欲??州那日?
??不言??下 自思?策???

三?，魏、蜀、?，即曹操、??、??，??曾听孔明之言，??抗魏。初?，??未在四川一?建立蜀?的根基，曾向??借?州，作??且栖身之地。

??曾多次由??出面向??要求??，但???多理由，一味用拖字?，推?是?可奈何，???法???州。?就是??借?州，一去?回?的典故了。

?大仙算命解??：

??向?借?州，??得蜀之后，??使人?西蜀，索取?州。??一言未出便痛哭流?，自思??策可以??。以一哭得??州，有借??。??自算命眼

?哭泣之?乃悲愁之景象。求得此?者，凡事要?忍受苦，多行善事，方能???福也，?此?凡事凶多吉少。此??中有借而不?，亦有哭泣之象，求得者宜?心?悟其中意思。

?大仙算命解??：

??得，病愈?，蚕与畜，得利微，婚不合，孕?祈
宅平常，?善宜，?行人，要待?，?善事，??思

流年：有小?劫，登山涉水，?物往?，要倍加小心。

事?：常有阻?，不宜自己??。

?富：??要小心?事，?目文件，要?自??。

自身：有?以解?的??等待?理，可考??痛不如短痛。

家庭：家宅平安，但要防?物?失。

姻?：?方常因小事，而惹?端，令您?退??。

移居：要周?考?，很多事都是?有回?路走的。

名?：切勿失信于人。也不要做中?人、介?人、?保人。

健康：皮?、?胃的小病痛仍在???，?好?坏。

友?：勿与朋友合?，?量避免??交往。

?水：??暗示失?恐破?。

?失：?苦恐?得。

自身：有事多?愁。

天?：劫气甚可悲。

出行：去之?不美。",
48,第48??,"第四十八??：卓文君?酒
求?吉凶：中平??

算命??：
??听琴自起思 改?夤夜最??
可怜沽酒?邛市 才子佳人?下?

卓文君?西??的一位奇女子，她祖父是卓王。文君擅??琴，思想?放，丈夫死后不久，即遇上才子司?相如，?人一??情，??夫妻私奔。

后?更不理人言，??返回故?，在?市??酒家，才子司?相如下?，佳人卓文君???酒，成?一?佳?。?然??夫妻，?竟也百事不哀而极之快?。

?大仙算命解??：

卓文君司?相如?夫???酒?，一?是才子，一?是佳人。卓文君夜里听到司?相如的琴挑，于是?意漏夜跟他私逃。?家都要???酒，此有辛苦之气象也，司?相如后大?。??自算命眼

此??是文君新寡?，后?二人?市邛市?酒，夫妻?心合?力。求得此??者，凡事要?忍受苦，先?后易也，此??不?吉，亦不?凶，得平常二字而已。

?大仙算命解??：

孕生女，病求?，行有阻，婚不宜，蚕微利，亦有之
??望，要待?，宅??，善??，求?者，得微利

流年：今年大?不?。先苦后甜，冬季有大?人。

事?：凡事必??力??，不妨考?夫妻拍?。

?富：?偏?，每??都要靠自己?得。

自身：平安，?日的事情要放得?。

家庭：夫唱??，家?由恩?而起，?至佳境。

姻?：?情?相?好，不要???段好姻?。

移居：目前所在地，是旺?之所，要?守。

名?：才?得以展露，很多人欣?自己。

健康：大致??，??一些，要戒酒色。

友?：您?意?助朋友，朋友也?意?您。

?水：??暗示气?未??。

?失：?之?未得。

自身：自在中有苦。

天?：丰熟有?耗。

出行：去之亦?益。",
49,第49??,"第四十九??：司?相如??
求?吉凶：中吉??

算命??：
十年窗下苦功成 有志?舒愿不?
?看??十三字 生平心誓确?情

司?相如，是一位有??的才子，琴棋??，??皆精，他的?体文字??，后?被?武帝??，?封官。

?大仙算命解??：

此???述司?相如未成名之?，在???字的感人故事。十年寒窗苦??，?于??有成了，但心中的大志??机???。司?相如在四川成都家?的一??上，?了?十三?字，他日若不乘高???，不?此?！，其志竟有如此??者。??自算命眼

凡事要自己立定志向，??要不??苦，自然先?后易。皇天向不?好心之人，若能修善者，各事有吉而?凶。此???一快活如意之景象也。

?大仙算命解??：

?可求，病可?，行人?，?有期，宅平?，孕可喜
?望事，??志，蚕与畜，微有利，?婚姻，皆合意

流年：一天天向好的方面?展，入秋后更佳。

事?：有白手???家的机?，不要浪?今年的?光。

?富：年中有?大的正??，亦有偏?。

自身：?去有修?的，今年豊收。

家庭：家境由?入奢，夫妻感情日?，要尊敬家中老人。

姻?：?情美?，可主?向?方求婚。

移居：最适合?离出生地，到外??展。

名?：有志者事竟成，可?名立万。

健康：??暗示心情愉快，使小病痛??自愈。

友?：有志同道合的好朋友。

?水：?????。

?失：苦心?可得。

自身：由苦而后甘。

天?：淡薄?滋味。

出行：有志事竟成。",
50,第50??,"第五十??：伍?出?
求?吉凶：中吉??

算命??：
?得?年伍子胥 ?奔?渡幸逢?
欲???相持? 大?交朋?不?

伍?，即伍子胥，春秋??楚人，父兄被楚平王?害，幸及?逃到??，后助?王伐楚，掘楚平王墓，鞭尸三百以泄恨。?年伍?逃??，困?重重，一夜白?。??自算命眼

?大仙算命解??：

?支??是?述伍?逃亡?遇?人。伍子胥逃??，被江水阻隔，前?去路，后有追兵，幸有?夫相救，?他渡江，伍子胥感激之余，?持要以??相?，但?夫??之不受。

?大仙算命解??：

病求?，亦??，蚕与畜，慎看守，?行人，要?久
宅修福，昌厥后，?六甲，慎??，?婚姻，有佳偶

流年：外表看?，似乎??不安，但?于您?有很好的?机。

事?：??暗示逢凶化吉，有大?人?您，意志要?定。

?富：??自有方，切戒?婪，勿染指?博。

自身：不要?身?的事情大惊小怪，?慎言行。

家庭：要孝?父母，家庭要融洽，?吵???坏。

姻?：有佳偶善?，要尊重?方的?意。

移居：非不得已，不要考?搬?移民。

名?：?善而固?，把?宗旨，必有建?。

健康：注意休息，秋冬要多保?。

友?：有真心?意?您的好朋友。

?水：??暗示平??防。

?失：?之亦可得。

自身：修善自平安。

天?：淡中亦有味。

出行：??暗示戒?方可去。",
51,第51??,"第五十一??：成王剪桐封第
求?吉凶：中平??

算命??：
剪桐?是作儿? 封北成圭?不移
何以??成?事 言因??故如斯

成王，西周?王，年幼?父，?事?由王叔周公管理。成王有一天，与弟弟唐叔玩游?，成王把桐?剪成圭形?：我封你??候。周公知道?件事，便恭喜唐叔。??自算命眼

成王??，?玩笑而已。周公教?他：君??言。后?周公?征胜利，?固了西周的政治?力，并?政于成王，成王大封?候，果然守信，把唐?地方封?唐叔。

?大仙算命解??：

此??之含意甚深，凡事要??，慎言，守信，兄弟要和好。求得此??者，一言一行均要仔?，不可作?儿?，恐弄假成真，真恨???以挽回也，?此??亦?平平常常而矣，?事亦?阻而??。

?大仙算命解??：

婚不合，?不大，?望平，?仔?，宅平安，蚕?敝
病可?，孕??，行人?，恐??，?六畜，??坏

流年：平平常常，有小机?。

事?：凡事要守?守信，要?而后?。

?富：未是求?的年份，多?????金?。

自身：有?人扶持，?什么大??。

家庭：要孝敬??，??后?。如怀孕可望?子。

姻?：情??有?多?吵，凡事要?心??。

移居：人?到?世界是一次旅行，?遇而安，?有??。

名?：守信?就是名?的保?。

健康：??暗示四肢可能有??。

友?：心?，才有好朋友，否??判?离。

?水：平局亦?。

?失：?之恐?得。

自身：??亦??。

天?：有美有不美。

出行：?有?便宜。",
52,第52??,"第五十二??：?古?天辟地
求?吉凶：中平??

算命??：
上清下?成天地 清?相凝便作人
?欲多求明白事 且?三等?分明

?古，生于天地混沌中，后?他?天辟地，?古每日?高一丈，
天亦高一丈，地亦厚一丈，??一万八千年，天地才完成。

?大仙算命解??：

明乎此，要凶要吉，全在乎自己，要做上浮之清气，?是下凝之?气，?自便吧。求得此?者，凡事以清洁?上，不可污，不可?。若有所?，流而?下矣。倘有?清洁，有?污?，?不上不下，是中?之人。

三等分明，?人自作，存善心行善事，斯?清洁而居上等也，清洁之人凡事皆吉，污?之人，凡事皆凶。??自算命眼

?支??是?：气清而上浮者?天，气?而下凝者?地，中?清?二气相混者，就是人。假如你求得??，只要仔?思考一下，?上中下的气与上中下等人?想，就不?悟出真理了。

?大仙算命解??：

婚不合，?不大，?望平，?仔?，宅平安，蚕?敝
病可?，孕??，行人?，恐??，?六畜，??坏

流年：今年的?气，全先靠自己???。

事?：种善因得善果，多?多得，?事要靠自己?手。

?富：??偏?，莫?莫?，踏踏??聚??上策。

自身：??暗示平安与否，在于能否修德。

家庭：?善之家，必有余?，?住，家和万事?。

姻?：由于今年的?气不太?定，?婚?婚都不宜。

移居：福人住福地，心地良善，到?都一?。

名?：要?得?人尊敬，必?以?以善以?待人。

健康：??暗示身体?健，不必太?意滋?。

友?：?近好人，?离小人，小心?友。

?水：全靠???。

?失：得不得未定。

自身：行善必平安。

天?：即管用人事。

出行：善吉?不宜。",
53,第53??,"第五十三??：??客孟?
求?吉凶：中吉??

算命??：
珠履三千客孟? ?人?得有??
其中????者 便是英雄志莫?

???期，孟?君有食客三千，??初?只被?作下?，??拍???套，大?地?：?啊，我?不如走吧！?里食??，出??！孟?君?后待之?上?。后?，?替孟?君??善?，使孟?君不但逃?大?，而且收复封邑。

?大仙算命解??：

此??大意言?人所不能?者，就其中有一?英雄。求得此?者。凡事一定有好?，即英雄也，但必要修善，有神?助，始能?得出其好?耳。??自算命眼

?支??是?：孟?君食客三千，?人?具慧眼，?得其中??的人才呢？ ?位曾???而歌者，便是???位英雄了。?暖?英雄人物。其志气?人可?也。

?大仙算命解??：

?望事，?商量，行人?，病?禳，宅??，婚亦良
蚕小利，畜??，?六甲，亦??，名与利，善可望

流年：?气有，但?常要??筋。

事?：凡事要先取得人和，上下人等都要合得?。

?富：小?不出，大?不入，???是美德，但不可待薄?人。

自身：居安思危，不要?足??。

家庭：注意公?，搞好敦?睦?。

姻?：有互相欣?的情人，可考?秋后?婚。

移居：??暗示?移?特?旺，出?遇?人。

名?：在适??候，要表?一下自己的?力。

健康：身体?比以前稍?健?。

友?：有?非常信任自己的朋友，可助一臂之力。

?水：??暗示方向要合度。

?失：求之要得法。

自身：??要得宜。

天?：?色要?避。

出行：扶助要得人。",
54,第54??,"第五十四??：庄周?蝶
求?吉凶：中平??

算命??：
庄子酣眠成蝶? 翩翩?入百花?
天香采得??后 ?在高床暖枕中

庄周，???一位杰出的思想家，主?清???，著作甚多，楚威王甘?厚蹩，封他?相，也遭拒?。唐朝尊崇道教，天?元年?庄子?南?真人。

?大仙算命解??：

古人姓庄名周，?自己化?蝴蝶，?入花?采花。?醒之后，乃在高床暖枕中也，此乃一片假局。求得此?者，凡事多?少?，究?可取，但亦?大妨?，因此??有逍?自在之意也。??自算命眼

?支???的是庄周?蝶的故事：??庄子在?中化成一只蝴蝶，在百花?里???去，采得香花???，???自己仍然睡在高床暖枕里。求得此?者，逍?快?，与世??，与人?求。暗示未是?大事的?候。

?大仙算命解??：

??得，宅平常，?望事，?慎良，?六甲，亦??
蚕与畜，亦??，行未到，婚莫同，病可愈，待?通

流年：安?而已，?特?的?化。

事?：?期望太高，很多事情与您的想法出入很大。

?富：?然有些微??，但?左手?右手去，??聚。

自身：快活?愁，但要注意口德，勿??份的玩笑。

家庭：常常??，而您可以助家人的??。

姻?：今年?是拍拍散拖算了，婚事以后再?。

移居：看?一切很容易，要做起?就?得多，但仍有机?。

名?：莫在?人?美?中?昏??，修心?性吧。

健康：年?最可喜的，就是身心?朗，是考??肥的?候了。

友?：?多人都向您微笑，?有机?考?友情深?。

?水：??暗示??妨?。

?失：??暗示?之未必得。

自身：修善愈平安。

天?：事?有改移。

出行：??方可去。",
55,第55??,"第五十五??：??之投沉香
求?吉凶：中平??

算命??：
浦?沉香??恨 渡江??古人心
可怜?日?官去 ?有馨留不易?

??之，一位清官，曾???省?官，?民如子，后??官离去?，?袖清?，人民感激其任?德政，??致送?品，??之一一婉拒，?料?舟在珠江河上行走。

?大仙算命解??：

忽然?浪大作，??之?忙查?家人手下有?收受利者，?人都??有，但有人提醒他，?夫人手上的沉香扇，乃一父老所?。

??之?上焚香向天?告，然后把沉香扇投入江心，果然?平浪?，江上出?一小?，即今日之沉香浦，渡江者每追念?年?之之清廉。??自算命眼

求得此??者，凡事平?，?然吉中微有凶，但到底必好，不用?疑。

?大仙算命解??：

?利有，??敝，?望事，?仔?，病可?，行??
畜与蚕，??坏，孕平常，婚莫同，宅修善，福自至

流年：今年的?程，平衡中有?好的?象。

事?：有??机?。做生意者宜向?口?易方面?展。

?富：正?可求，但切勿????。

自身：安?，小人?侵。

家庭：知足者，家常?。女眷要避忌三姑六婆。

姻?：很?遇上合眼?的，遇上了，也很?追求。

移居：到?都有?展的新机?。

名?：勿起?念，并提防桃色惹??。

健康：多做?跑、体操、拳等??。

友?：以?待人，真正的朋友不少。

?水：??暗示吉地不易得。

?失：??暗示?之恐?得。

自身：清洁平安好。

天?：佳景令人思。

出行：?善者可去。",
56,第56??,"第五十六??：?祖桃木?
求?吉凶：中吉??

算命??：
安知此?不成? ?水都?出袖中
他日??千万里 上空妖?有云?

?祖，?洞?，八仙之一。桃木?，就是?位??祖?，在唐朝??官修道，所持的仙器。

?大仙算命解??：

本??寓意吉祥，暗示一切都向好的方面?展。仙机?于??的首?字安知，怎么知道?把桃木?不?成?呢？

??修成正果，一?仙水，它就?化成一??，??祖的衣袖中??而出，?升千万里，空中?有彩云相伴?！??自算命眼

求得此??，?努力振作修?，必成大器。有吉?凶，如能多行善事以培?之，?凡事愈?遂，必??矣。

?大仙算命解??：

名可望，?可求，蚕与畜，有利收，病必愈，婚合?
家宅吉，孕??，行人?，不待久，?望吉，好??

流年：大吉大利，有必定旺?的机?。

事?：全力做好手?的事，???到，就?一??。

?富：?源??。兼?副?常有意想不到的收?。

自身：安与危，全靠自己的修?，立心要善。

家庭：家宅吉昌，好好?祝生日以及那些值得?念的日子。

姻?：??成熟。您?感受到?方的真?，共??身良?。

移居：??暗示?移旺盛，家居或?字?不久就?搬。

名?：行善?福，莫出真名?姓。

健康：困扰多?的小疾患，可望自愈。

友?：??善?，社交圈子豁然?朗。

?水：??暗示此地?必?。

?失：得之要待?。

自身：?????。

天?：后路更可喜。

出行：?局更合意。",
57,第57??,"第五十七??：?占花魁
求?吉凶：中吉??

算命??：
小?春雨?初歇 徘徊街?屐不停
忽听?花人入巷 一枝?得慢慢行

春雨初歇，穿屐行街者不停，忽?有?花者入巷叫??花，?得花一枝，而慢慢行路，恐路?滑也。

?大仙算命解??：

?支??是?，春天?了，??新的生机，要及?把握，?占花魁，魁者，首也，暗示凡事要??啖?，但行事要?大心?，眼捷手快之外，?要循序??，俗??，捉到鹿，要?得慢慢?角。??自算命眼

在小?上，听得??的春雨?于停下?了，但街?的?步?，?又??不停，忽然听?巷口???花人的?音，?上?了第一枝花，然后在?滑的街上，安步走回家。

求得此??凡事要淡定，不可急速，能?慎自?差?矣。依此慢慢行三字?之，?平安大吉，凡事亦平???。

?大仙算命解??：

?望事，要仔?，病与孕，慎??，婚可求，行?至
畜与蚕，得利微，宅平安，?有喜，?求?，少?美

流年：立春之后，?气?好，春雨愈多，?愈好。

事?：有几?起伏，春季的?好，打?基?，以后慢慢?展。

?富：凡事要看通看透才去做，小心陷阱。

家庭：家宅平安，常有快?事，宜于今年怀孕。

姻?：遇有情人，主??攀，然后慢慢互相适?。

移居：?以不??宜，如出?旅行，考察，要小心安全。

名?：有好花，自然香，不必自我吹擂。

健康：??什么小病或是怀孕，小心?上。

友?：很多人?主?与您交往，与他?有合作机?。

?水：??暗示想?不能急。

?失：慢慢?可得。

自身：?慎自平安。

天?：有?可合意。

出行：?雨晴亦佳。",
58,第58??,"第五十八??：蹇叔哭?
求?吉凶：下下??

算命??：
秦?大?在淆山 三?皆擒?放?
蹇叔?言因不听 倒戈舍甲返秦?

春秋?，秦穆公要出兵侵犯??与??，老臣子蹇叔，极力??，不可做?等?良??之事，但秦穆公一意孤行，?果大?于淆山，????的三?元?，俱被?方生擒。?君之母乃秦穆公之女，?康公念外祖父之情，?放?支??返秦，但要倒戈舍甲。

?大仙算命解??：

?支??凶?很多，第一是妄想，第二是不听忠言，一意孤行，
第三是失?，第四是蒙羞，宜多加避凶。此??凶?之极，求得此?者，凶多而吉少，要多行善事，方能???福也，宜?天作福吉。??自算命眼

?大仙算命解??：

病有?，孕多惊，行人?，宅未宁，畜与蚕，多不成
?不利，亦?名，?望事，不可行，?婚姻，?子生

流年：不利，切勿狂妄自大，莫惹????。

事?：能保持??已?万幸，??守一段??。

?富：年中有多次破?的可能，与????。

自身：一定要修心?性，寡欲行善。

家庭：夫妻?大?突，但常??戚?的是非而??。

姻?：?情方面，半途有第三者出?。

移居：安于目前?境，切勿??妄?。

名?：小不忍??大?。?婪?令自己身?名裂。

健康：小病就要找?生?查，以免?化。

友?：常与朋友?吵。多??自己。

?水：??暗示丁?俱恐退。

?失：?求亦不得。

自身：修善乃??。

天?：劫?恐?免。

出行：有?而?成。",
59,第59??,"第五十九??：?施效?
求?吉凶：下下??

算命??：
浣溪?女美?? 媚至?王?破亡
最??施效?笑 山??可胜?凰

西施，中?古代四大美人之一。春秋?，越?几乎被??所亡，
后?，越王勾?得范蠡?西施，与???和，?王夫差得西施后，荒淫迷?，?被越王所亡。

?大仙算命解??：

?支??是?，西施?位浣?女，美???，一笑?城，再笑便令?王??了。最不自量的是丑女?施，整天模仿西施?眉?的?子，以?可以博取?人的怜?，其?山?就是野?了，?可以冒充?凰呢？??自算命眼

求得此??者，凡事要守份安命，??听天，不可心高而?求妄想。明知自己不如人，而??于人，反?不美，必凶多吉少。

?大仙算命解??：

?破耗，行未到，蚕与畜，利亦?，孕与病，皆身苦
宅不安，?善?，?婚姻，更不好，?望事，不宜做

流年：??不好，宜修心，勿出外招惹事非。

事?：今年有?多事都不如意，守得住，便是成功的?始。

?富：常有??的花?，??少不必要?支。

自身：安份守已，是可以平安度???的。

家庭：家宅不安，有女人在搬弄是非。

姻?：??暗示?情基?不?，易?生磨擦。

移居：一?不如一?。?心越搬越糟。

名?：?丑不如藏拙，??只??出?。

健康：??病呻吟，疑心生暗鬼。

友?：小人特?多，提防异性的假仁假?。

?水：??暗示失?勿??。

?失：求之亦?得。

自身：安份保平安。

天?：恐有不合意。

出行：去之??生。",
60,第60??,"第六十??：李白醉和番?
求?吉凶：中平??

算命??：
和番醉?似云? 日在?安酒店眠
倘遇唐皇?令召 重呼不上木?船

?人李白，曾被奸臣??忠、高力士所辱，??忠曾奚落李白，你的文章算什么？只配替我磨墨！高力士附和：不，磨墨也不??格，只配?靴提鞋而已。

?大仙算命解??：

番邦帕特使??安，?多威?求索，最危?的是，朝中竟?一人可与特使?通。??，有人向皇帝推荐李白，惜李白正大醉，皇帝?召令?他入?，?自喂他服食解酒?。

李白醒后，要??忠磨墨，高力士背靴，醉眼昏花下，?似云?，?了和番?，?得番邦不敢再?犯。??自算命眼

求得此??者，宜看各事等?，不可?心。勿与人??短，?且色即是空，空即是色，不?物欲所累。退一步想，自然快?，以??之，凡事亦平???。

?大仙算命解??：

?得少，宅平安，蚕与畜，亦??，行未至，病?妨
婚可合，名未?，?六甲，?惊慌，?望事，???

流年：?大机?，?有假象，但不能作准。

事?：有小小得意，不宜忘形，要?守?位。

?富：有些正?，但兼?的收入可能更豊富。

自身：人到?求，快活?愁。

家庭：家宅平安。是是非非，可以不理。

姻?：?然?方?次主?示?，但仍要考?其?意。

移居：但求心之所安，??去一什么地方，都要保持心境快?。

名?：??暗示勿???，勿意气用事。

健康：?大?，但勿??量之酒，免?肝。

友?：??不要指望有朋友相?。

?水：平常??害。

?失：?之恐?得。

自身：?事小神仙。

天?：?喜亦??。

出行：凡事勿??。",
61,第61??,"第六十一??：十二金牌召岳?
求?吉凶：下下??

算命??：
十二金牌速召回 奸雄??几?灰
可怜一旦功?散 老少扶?不?哀

宋朝忠良岳?，大破金兵，眼看就要直???，救出徽?二宗，?奈奸臣秦?，假?圣旨，擅用十二度金牌召回岳?，?而以?反之罪，害死岳?父子。

?大仙算命解??：

此???下下?，暗示在功?垂成的一刻，遭奸人所害。十二度金牌召回岳??，百姓扶老?幼送行，悲哀万分。

求得此??要?吉避凶，首先要修善?福，其次是??防犯小人，再者更要??善?。常常听取?人忠告。??自算命眼

事事要提妨小人侵害，且要多行善事，??善?，乃能消此劫气，逢凶化吉，???福也，宜?天作福吉。

?大仙算命解??：

?破耗，行未到，蚕与畜，利亦?，孕与病，皆辛苦
宅不安，?善?，?婚姻，更不好，?望事，不宜做

流年：有?退??之象，??未到，不宜??妄?。

事?：?然有很好的大?划，但似是而非，勿勉?而?之。

?富：?物易?失，甚至有被?被?被劫的可能。

自身：??暗示????防，?事勿理，勿做中?人。

家庭：家宅常有?吵。特?在您???，意?更多。

姻?：夫妻感情?，互相猜疑，如有第三者介入，?更坏事。

移居：?气未?好之前，千万?搬?移徙。

名?：名?受?，并非自己原因，小心?人?害。

健康：年?极可能有?大病痛，秋冬二季尤其要保重。

友?：朋友只能?您精神支持，?莫能助。

?水：??暗示?丁兼破?。

?失：?以得原物。

自身：防疾病是非。

天?：辛苦而?功。

出行：防小人口舌。",
62,第62??,"第六十二??：孔子守道
求?吉凶：中平??

算命??：
美玉于斯??藏 休求善价?商量
沽之亦可?相待 此物何?自看常

孔子，圣人也。????、道德、思想，都是万世?表，但是，他的仕途官?都不好，唯??生精神都放在教化?生和著?立?的??工夫中。

?大仙算命解??：

?支??是?：一?人的才?，就像一?美玉，??好好珍惜，收藏在柜中，并不是等待有好的价?，然后出?。而是要看机?，假如遇上有眼光，真正欣?自己的??之人，那又是另一回事。怀才不遇的人，又何必常常?影自怜呢？??自算命眼

?大仙算命解??：

行未到，病愈?，孕??，婚不宜，蚕与畜，利亦微
欲求?，要依理，?望事，宜待?，家宅吉，勉修?

流年：本身是有大?的，可惜?辰未到。

事?：您在未有?人垂青之前，仍宜守?修身。

?富：未到行大??之年，要?源?流。

自身：平安，但不要放?自己。

家庭：家宅大吉，您可以助家人成功。

姻?：蜜?不佳，?且勿?考??婚。

移居：搬?后的?境，一定?比?在的好。

名?：不要看低自己，要胸怀大志。

健康：要?精蓄?，身体健康是未?的?本。

友?：勿与品格下?之人?往。

?水：??暗示??必??。

?失：?之勿心急。

自身：??暗示?善自??。

天?：气候?可喜。

出行：合?乃可去。",
63,第63??,"第六十三??：?回?道安?
求?吉凶：中吉??

算命??：
陋巷?瓢不足愁 旁人?此甚??
不知?道忘?乏 ?圣芳名万古留

?回，春秋??人，孔子的好?生。世人尊?孔子?至圣，也曾有人??回??圣，但后?大多?都把?圣?名?尊加于孟子，而改??回?复圣。

?大仙算命解??：

?支??是孔子???回的?：?回真是一??人，他?道安?，生活在陋巷里，只得一碗?、一杯水，旁人看?他的?境，都替他??，但他????愁。世人?知道，一?人如能?心于??修道，是可以忘???的。??自算命眼

凡事??要忍于?苦，一切?利，不可??，一于真心修善，??至名?，名垂不朽矣。就算?乏?身，亦??也，此??有吉?凶。

?大仙算命解??：

家宅吉，病可?，?望事，?慎宜，名与?，勿妄思
婚可合，行??，蚕与畜，利可得，?六甲，?惊赫

流年：今年在平?中，常有一些好?出?。

事?：不宜?行??，?守目前，等待?展。

?富：?源自?，不必刻意追求。

自身：安守本份，最好???修自己有?趣的科目。

家庭：自足常?，家宅和?，今年育男机?高，子女???明。

姻?：?于有人欣?到您的品格才?了。今年宜婚。

移居：??到任何新?境，?您的?程改?不大。

名?：您?然不喜?出??，但有不少人推崇您。

健康：?您的皮?、消化有小毛病，最好??食清淡一些。

友?：不能找到志同道合的知己良朋。

?水：??暗示平??妨?。

?失：?之尚未得。

自身：安份自平安。

天?：知命可??。

出行：苦中有甘味。",
64,第64??,"第六十四??：孟之反殿?
求?吉凶：中吉??

算命??：
奔殿?知上古人 入?策?不夸能
???肯甘?后 托???畏苦辛

孟之反，春秋??人，官至大夫。有一次??被??打?，???相撤退回城，狂奔之情景，非常狼?，但孟之反??持要做殿后??，?他最后一?撤入城??，?人都??他勇敢而又肯照?他人。

?大仙算命解??：

因?按照常理，???肯甘愿跑最尾呢？但是，孟之反?有更?大的情操，他在?人的???中，?很??的?。我不是勇敢，只是我的坐?太累了，怎么?鞭打它也不肯走呢！孔子曾大?孟之反的英勇仁?。??自算命眼

求得此??者，凡事要忍辱待人，不可与人??，?以修德?心接物，如此可逢凶化吉矣。

?大仙算命解??：

名利?，行??，畜与蚕，慎有利，孕与病，??祈
能修善，家宅美，?婚姻，?不宜，?望者，?待?

流年：今年是耕耘年，而不是收成之年。

事?：常有小阻?，但每克服一?困?，前景便更明朗。

?富：小?支??多，但小?不出，大?不入。

自身：平安，?有惊，但??，放心。

家庭：家?非常好，是??最好的一年，喜事重重。

姻?：?情??有反复，?有?吵。

移居：留在目前的位置，?安?一些。

名?：遇有挫折，或者?人不了解自己，算了吧。

健康：放松自己，神?勿太??，不要?自己?力。

友?：朋友多，但不能助己，反而您可助人。

?水：??暗示丁?不甚?。

?失：?之恐不得。

自身：修善乃平安。

天?：世界不甚美。

出行：??暗示去恐有不利。",
65,第65??,"第六十五??：后主失?
求?吉凶：下下??

算命??：
隋???戟伐? 都因妖媚?明君
?奔西走?藏息 井里胭脂?玉人

?是一?哀怨??的?史故事。?述?流亡帝?后主，好色昏庸，?日迷?于??妃和孔?妃，不理朝政，后?，隋高祖起兵?伐，?后主的江山，就在?戈中倒台了。

?后主左?右抱??名?妃，?奔西跑，苦?逃生之路，唯有藏?胭脂井中，隋兵赶至后?，??他?的??，用?吊他?上?。

?大仙算命解??：

此?下下??，凶?多多，要及早防范，不要沉迷酒色，胡天胡地，否?，??速至，后悔莫及。??自算命眼

求得此??凡事要?慎，勿受小人昏?，多行善事，乃能消此劫气，???福也，此??要防女子小人口舌，宜天后?作福吉。

?大仙算命解??：

孕有惊，病有?，?望凶，必??，畜与蚕，有?害
?行人，多阻?，婚莫成，?不遂，宅欲安，修善果

流年：天?不好，?程凶多吉少，要及早提防。

事?：凡事要?力??，小心女性小人及美人?。

?富：如能破???，已?不幸中之大幸。

自身：危机四伏，与其??提心吊?，不如洁身自律。

家庭：家?走下坡，切勿有婚外情。

姻?：??暗示提防?故?殷勤的异性朋友。

移居：如果您??目前?境不利，速速搬?。

名?：??享?和浮名，?令您泥足深陷。

健康：?日的病患，有?化可能，切戒酒色。

友?：最好勿与异性朋友?往太密。

?水：??暗示?丁兼耗?。

?失：?以得原物。

自身：修善乃消?。

天?：凄??可避。

出行：?坏莫扶持。",
66,第66??,"第六十六??：羲之?群?
求?吉凶：上吉??

算命??：
?亭雅??群? 曲水流?舍管弦
天朗气清?惠? 茂林修竹?怡然

王羲之，?法家，他的字帖，??代朝野收藏的至?，很多皇帝甚至用王羲之的字作?陪葬品。后人尊他??圣。?亭序更是王羲之最著名最成功的?法，卷上有多位皇帝加??印。

?大仙算命解??：

?亭序?述王羲之，在三月三日与一?好友在?稽山之?亭，?聚的情景。在短短的二十八字??中，已?出一幅有音有色的??。求得此??，百事吉祥，快活?景。??自算命眼

?大仙算命解??：

行即至，?即盈，蚕与畜，有修成，能修善，更?名
病即愈，宅安宁，?望事，万事?，婚可定，孕?惊

流年：大吉，好?即???。

事?：天?地利人和俱?，春末夏初即有大?机。

?富：?源??，?自四面八方。

自身：平安，?人特?多，?心所欲。

家庭：家居安宁，夫妻恩?，如家中有人??音?更佳。

姻?：遇上?天而和善的人，可定?身。

移居：移民或移居，都?有很好的?居。

名?：?名四方，在社?上受人尊敬。

健康：心情舒?，百病?侵。

友?：相??天下，知己亦不少，多找机?与新知?朋?聚。

?水：??暗示丁?皆可?。

?失：原物可?得。

自身：安?多?人。

天?：丰稔大可喜。

出行：往?皆吉利。",
67,第67??,"第六十七??：李元霸?雄
求?吉凶：中平??

算命??：
人?勇力不能? 莫恃英雄?冠?
可?泰山超北海 身心??重存亡

李元霸，隋唐?的第一??云人物，年少力勇，武功?世，?唐朝的建立，打下基?。可惜，英雄?短，?牲沙?。

?大仙算命解??：

此??有提醒凡事不可?芒?露，搏得太?，容易?。???云李元霸?人，?然能力不可?，但是不要自恃年少气盛，到?耀武?威，即使有力拔泰山、翻江倒海的力量，也???及自己的生命。做人不能一味靠?靠?力。??自算命眼

?大仙算命解??：

?望事，要??，孕??，病?禳，蚕与畜，?慎良
行未至，宅平常，婚不合，名未?，??得，?善昌

流年：表面?事，但?伏?危机。

事?：不能光?一股??，凡事要多??筋。

?富：放?“大?不食?米”的方?，求?宜在小??眼。

自身：要?言慎行，勿与人?斗。

家庭：欲求家宅平安，先要收?自己的脾气。

姻?：情???有大?吵，勿因一???而?婚。

移居：???境，亦是好事，要与?舍和睦共?。

名?：不要?出??，做了事，勿?功。

健康：出入小心，提防意外，令四肢受?。

友?：待人要和?、??，否?知己?求。

?水：??暗示美中防不足。

?失：原物恐?得。

自身：?慎可??。

天?：防有意外事。

出行：凡事不可恃。",
68,第68??,"第六十八??：姜太公得志
求?吉凶：中吉??

算命??：
久抱凌云志未舒 荷竿渭水?游?
文王千里求?士 ???周任意如

姜太公，怀才不遇，只有在山水?寄托自己的凌云大志。他在渭水??，荷枝作著名的古?，姜太公??，愿者上?。

??，?王?道，群雄并?，周文王不?千里而?，到渭水之????居的姜太公，?于，姜太公?助周文王、周武王，打?了?王，建立周朝帝?。

?大仙算命解??：

求得此??者凡事存一片善心。守慎安命，??听天，?必有?人指引提拔，事事如意吉祥，????也。??自算命眼

此????中吉，但寓意吉祥，求得者，只要能??天?，立心良善，必然万事如意。

?大仙算命解??：

?可得，病可?，婚姻合，行必?，蚕与畜，皆有利
宅平安，孕可喜，??望，亦相宜，?功名，亦合?

流年：?程?始?好，?入佳境，有苦?甘?之象。

事?：有大?人提拔，多年的心愿，可望??。

?富：求??意，但不可太?，戒??浪?。

自身：平安，立心善良，天?人愿。

家庭：家宅和睦愉快，有添丁之喜。

姻?：??暗示?情?固，如?得水，最好在今年?婚。

移居：??是移民外?或置??居，都有很大机?。

名?：多年?的努力，可望有出人?地之日。

健康：??暗示并?什么大??，但要注意?逸?合。

友?：很多有名望之士要??您，但不要忘??遇比您差的人。

?水：??暗示此地???。

?失：?之或可得。

自身：交????。

天?：苦?而甘?。

出行：去之亦?利。",
69,第69??,"第六十九??：?文公祭??
求?吉凶：中吉??

算命??：
忠?存心官十? 年丰民?惠?忘
??毒害都能息 ?告?江北海王

?愈，?因直言而被皇帝?官潮州，但因文、德、政各方面都有很大的??，后被尊?文公。?文公在潮州?官，勤政廉洁，???民。

??潮洲沿海一?常有??出?，威?人畜的生命，?愈?了一篇祭??文，虔?祭之，并限日???徙，?果，奇?出?，?此不再?有??出?。

?大仙算命解??：

求得此??者，凡事心?志?，定可逢凶化吉──?文公在潮州?官十年，心存忠?，令?地人民安居??，?心?告之后，??毒的??也平息。??自算命眼

求得此??者，?要自己存一?善心，宜多行方便?善气所感，可逢凶化吉。劫?可消除矣，就此???，平???，有吉而?凶，但要防避小人是非口舌。

?大仙算命解??：

病与孕，??禳，蚕与畜，???，??望，亦?妨
宅平?，?善昌，行人?，?回?，求?者，大吉昌

流年：天?好，如果心地好，??气更好。

事?：?事?利，可??更具挑?性的工作或行?。

?富：??非常好，正??利，亦有小偏?。

自身：多祈神作福，凡事?心?力。

家庭：在好景之年，?忘了多些??在家中。

姻?：??多?的互相了解，?于被?方?意感?，宜?婚。

移居：不要主?找?路移民。命中有?，工作上???机?。

名?：??暗示多年的服?，??得回?。

健康：??暗示多作??，游泳??都?您有益。

友?：以?以真待人，朋友?天下。

?水：好心得好地。

?失：原物或可得。

自身：修善可平安。

天?：善者多?利。

出行：忠直者可去。",
70,第70??,"第七十??：塞翁失?
求?吉凶：中平??

算命??：
可比?年一塞翁 ?然失?半途中
不知?福真何事 到底方明事始?

古?，?塞地?有一老翁，失一?，他泰然?之，后?，?回?了，???一匹小?。塞翁之子，??小??，不慎跌?足，塞翁亦泰然?之，不久，村?所有?丁都被征往修筑?城，而塞翁之子得以免役而保存性命。

?大仙算命解??：

?支??暗喻事情仍有反复，坏事可以?化成?好事，而好事亦??化成坏事，但是我?只能像?年的塞翁一?，?且接受??，不管是?是福，都要?之泰然，善?到?，是?有?果的。??自算命眼

人生?福?以判定，惟行善者，?可以??福。若求得此??者。不可以?下有福而?喜，亦不可因?下有?而?愁，?要立定主意，一于行善，方便于人。此??吉凶?定，?人自作，凡事宜子?方可避免。

?大仙算命解??：

??望，不甚宜，孕与病，??禳，蚕与畜，?慎之
行未至，?亦微，?婚姻，不必?，宅安否，?定?

流年：?程有多次反复，?且的得失，?介意。

事?：不宜?份大展拳?。?扎?打好了。

?富：??自有方，但亦有不少散?机?。

自身：似乎有小??，要?守宗旨，以不??万?。

家庭：??暗示家中?有小磨擦，家??有病痛。

姻?：离合聚散?常，未完全了解?方之前，??婚?嫁。

移居：前途?料，去留但求心之所安。

名?：多做善事公德，但切戒沽名??。

健康：常有小病痛疾患，不必??。

友?：也?你也需要朋友?助，但要先?助朋友。

?水：?????。

?失：??暗示得失?安命。

自身：?善多平安。

天?：丰歉未可知。

出行：善者不妨去。",
71,第71??,"第七十一??：庄周活?
求?吉凶：中平??

算命??：
涸?之中?困之 ?通自可卜??
若能引得西江水 他日成?也未知

?大仙算命解??：

???是庄周?下的一?故事：有一???，被困在???成的一?小水坑中，??的?途困境，不用多?，相信大家都?明白。但是，假使?，西江水引入，涸?之?能逃?此?，他日重回大海，成?也是有可能的。??自算命眼

求得此??，是凶多吉少之象，而困境非常??，又不能自拔自救，必?要等待??的大?，或得到大?人施以援手，方能?得解?。

?大仙算命解??：

孕有惊，病可?，??得，行??，蚕与畜，勉力?
?望事，?待?，宅??，?善宜，求婚姻，不必?

流年：天?不好、地利又差，必?忍耐，及?取人和。

事?：凡事不可?自己主?去做，?是?上班一族算了。

?富：除春秋?季可求小?外，其余日子??很?。

自身：年?有官非，是非?身，要多??自己。

家庭：??暗示家??多作福，注意家居安全。

姻?：大?未?好之前，?婚?嫁，更添麻?。

移居：如果有?件，最宜移民。否?也要考?改善目前?境。

名?：并非求名出?之?，要保持?厚。

健康：多食水果蔬菜，多?水。怀孕者要小心。

友?：??暗示??善?，必?以?待人。

?水：失?未能?。

?失：目下?未得。

自身：??要修善。

天?：?用人事?。

出行：待?方可去。",
72,第72??,"第七十二??：高文定守困
求?吉凶：中平??

算命??：
兔儿久待意何如 堪?愚人?守株
算是?能令我笑 不?守?自拘拘

宋?有一?夫，偶然遇一野兔奔跑，撞倒在??，于是?回家，宰?食，?此，每天不去耕种，只坐在??，等待下一只兔子的光?。也有用此?形容像高文定??抱?守缺的人。

?大仙算命解??：

古人有看守一?而待兔?者，待之甚久，不?兔?。此人仍守?而不去，其愚拙?才能，真令人笑矣。不可拘泥守?，若一味固守，???大?，究亦?益也，又何若而?此哉。

???：花?么???去等待兔子，又何苦?由呢？??守株待兔的愚人，真是可怜。他的低能，?在令人好笑，做人?什么??守?而自我拘禁呢？??自算命眼

求得此??者，??大?，但短期?亦?望有什么大作?。有受困而?得?人之象，要立即修善以感?人心。后必有?人?提拔，???福，宜早不宜?，如?失水，不能待久也。此??乃凶多吉少，?下尚未定者，全在人事而?之。

?大仙算命解??：

??得，行??，?望事，不可?，蚕与畜，得利微
孕??，婚不宜，?疾病，?改?，宅平安，修善美

流年：平?，?成大事，??展要等??好再考?。

事?：最宜?牛拉?，一面等待?机，一面要做好目前工作。

?富：正?平平，勿因些少??而?生?幸心理。

自身：要克服吊儿郎?、得?且?的心理。

家庭：??暗示家宅平安，家人宜互相?怀。

姻?：?异性要?极，?今年未宜成?，但要?未?打基?。

移居：在未有移民搬???，也要?修一下?在的居所。

名?：?失的原因是?自您自己，而不是?人累您。

健康：困扰您的疾病，再不愈，就要找?生。

友?：??暗示?大社交圈子，??新朋友。

?水：平局?可取。

?失：?出法再?。

自身：改?乃平常。

天?：有?机乃吉。

出行：去亦不合意。",
73,第73??,"第七十三??：?霖中?元
求?吉凶：上上??

算命??：
?道花香??蹄 ?袍改??衣?
?街?粉皆?羡 ?首芳名雁塔?

昔日的布衣?袍，寒窗下苦?的日子，已?成??去，如今穿上?元?袍而?，?街漂亮的女孩子，都用?慕的目光，望??位芳名?在雁塔的新?人。

?大仙算命解??：

中?士??元?之雁塔?名，穿??袍去而???衣?，一路花香??蹄，?街都是?粉女。?看?元?，此乃群??呼快活之事。求得此??，万事皆吉祥，得?素愿，吐气?眉，名成利就，有一?非常美好的?始。??自算命眼

?是一支春?得意、衣???的上上??。??道??霖中?元的喜气洋洋。新科?元????，大道?旁的香花，好像在?道?迎。

?大仙算命解??：

名大?，?大利，病即愈，行即至，?六甲，生?子
家宅旺，有?气，蚕?利，畜亦美，?望事，大可喜

流年：万事吉祥如意，天?人愿，好事??。

事?：工作有极之可喜的??，更上一??。

?富：??暗示水到渠成，?源??。

家庭：家宅??旺，敬老更能添福，添?子。

姻?：在?多的追求者中，??最合意的，在今年?婚最好。

移居：人往高?走，有?新居之喜。最好?高?。移民亦宜。

名?：功名大?，?得?人尊崇。

健康：今年?大病，但????想，要?少酒色?酬。

友?：朋友一下子多起?，特?是异性朋友。

?水：??暗示必?丁??。

?失：?之必可得。

自身：平安必??。

天?：丰稔真得宜。

出行：事事皆合意。",
74,第74??,"第七十四??：朱?臣分妻
求?吉凶：下下??

算命??：
回??年?蹇? 夫妻反目?分离
名?雁塔??后 复水???否悲

朱?臣，?朝一位??人，本是?寒之人，妻子不愿意跟他挨?一世，提出离婚。后?，朱?臣?了大官，妻子要求复合，朱?臣把一盆水?在地上?：你能把?些水都收回到盆里，我?就复合吧！?就是复水?收的典故了。

?大仙算命解??：

回??年我??的?候，夫妻反目，?离婚。如今我名?雁塔????，你?又要求重修?好，你看看，我?在地上的那盆水，有?有?法收拾，真可惜！??自算命眼

求得此??者，凡事要?忍受苦，??必有??之日，若不能立定?志。遇有不如意之事，即欲求改，到?必恨??翻矣，就此??，有凶?吉，?知机也。

?大仙算命解??：

婚不利，?不?，蚕与畜，亦有喜，行未?，孕有?
宅??，病??，?望凶，多改移，急修善，方可?

流年：天?不利，凡事要作??考?。

事?：勿急功近利，接受??，?扎?打。

?富：求?甚?，能保持?在的?境，已?万幸。

自身：??暗示欲?后悔?修己，各有前因莫羡人。

家庭：??，夫妻婆媳之?越吵越糟，生?孩子可?和感情。

姻?：情海易起波?，?情有触礁危机。

移居：一?不如一?，在目前?境守好再?。

名?：先?急于出??，安定家庭?境再?。

健康：常有小病?身，?免小事化大，必?要保持心境?朗。

友?：在患?中，才知道真情?求。

?水：此地有?害。

?失：??亦?得。

自身：修善可安康。

天?：??暗示劫?有可能。

出行：有福?扶持。",
75,第75??,"第七十五??：?文??妻
求?吉凶：下下??

算命??：
婚姻?可?家? 文?夫妻?拆分
一旦首登?虎榜 ?妻??自身亡

?又是一支??夫妻百事哀的下下?。?文?是一介寒生，妻子嫌他?，改嫁了。??文?中?元后，妻子悔恨交集，被?文?奚落了几句，就跳?身亡了。

?大仙算命解??：

?看看???我?的?示，婚姻是?生大事，?可因一??困而?心呢？?文?夫妻，就是??拆散了，一旦丈夫金榜?名，那?就后悔莫及了。??自算命眼

此???象?生，一是要挨?，二是夫妻拆散，三是看不??，??有更大的不幸。凡事?要安份守己，不可多心妄想，捱得若楚，然后苦?甘?。因?而得福也，世界花花不外循??字。否极?必?泰?，若不修善而妄??行，?机一?，悔之莫及矣。

?大仙算命解??：

??得，婚莫成，蚕与畜，少收成，行未至，孕?成
?望事，不可行，病?愈，宅不宁，?修福，免?生

流年：本?并不太坏，宜守?，勿庸人自扰。

事?：目前工作，?有困?，但守得云?就??月明。

?富：??得，?量做到多??，少花?。

自身：??暗示不?不?，不好高??，可保平安。

家庭：夫妻力戒?吵，家和万事?。家衰?不停。

姻?：?情?受考?，切勿以?方???境而作出??。

移居：今年不宜搬?，移民要考??牲太大，值不值得。

名?：作福修善，做一??名行善者。

健康：有?疾，要找?生?底?查，怀孕要小心。

友?：最好与异性朋友保持不冷不?的?度。

?水：??暗示丁?多?害。

?失：?得回原物。

自身：行善可免?。

天?：?不合人意。

出行：去之必不美。",
76,第76??,"第七十六??：孔子修身不??
求?吉凶：中平??

算命??：
人能?道自修身 疏水曲肱???
不?而富且?者 我心都作是浮云

?是至圣孔子修身?道安?的?照。人?于能向往真理正?，不?求??，修?自己的品格，即使?且的?境不好，粗茶淡?，甚至要枕?自己的手臂而眠，我?也不要自暴自?。

?大仙算命解??：

?于那些?取不?之?而成?富?的人，在我的心里，就只??作是浮云而已。求得此??者，?然可能大?未到，但只要?守原?，站??位，始?是有成正果之日的。??自算命眼

求得此??者，必要?忍，受得?辛，不可有?气。且要?心行善事，修身?德，要把定自己，不?不?，要能安??道。始??怨心，??必有一番佳景，可?卜之，不用?疑也。

?大仙算命解??：

名与利，勿?求，蚕与畜，少收利，?行人，未回?
若婚姻，非佳偶，孕??，宅平常，?望事，枉商量

流年：一切平?，既?大凶?，也?大富?。

事?：在平淡的工作，最好能???修。

?富：明白自己近?的?程，您???一切泰然?之。

自身：????想，努力修?行善。

家庭：能克服??心，家中就常有??。

姻?：不是适婚之年，?方的?意仍?考?。

移居：?居或移民外?，???并?太大作用。

名?：不?不?，默默耕耘，?有意外收?。

健康：?您身体出?小??，不妨多吃素。

友?：在您身?，有可以互助互勉的朋友。

?水：??暗示此地???。

?失：?之亦?得。

自身：修善得平安。

天?：平常不甚美。

出行：淡薄??意。",
77,第77??,"第七十七??：公冶?入?
求?吉凶：中平??

算命??：
??能通公冶? 南山有?虎拖羊
其身?在于?? 到底非?自己殃

公冶?，古?一位能解??的奇人，有一日，正值家??米下?之?，有一????他?：冶?，南山有虎拖羊，你食肉，我食?。

公冶???即往南山，果然?一羊，他?走老虎，把??留??食，自己把羊肉?返家，?料有人眼?，?告公冶?偷羊，?然被?在?中，但到底他是清白的，后????法相救，公冶?得?官非。

?大仙算命解??：

求得此??者，凡事要?慎，不可?听人言。不可理人?事，自己?能以收善?心，?有意外之?，受人冤屈，不可与人???短。?必有救星，可逢凶化吉，此乃先?后易之??，要防小人。

此???然有惊??，但如果?信人言，?容易惹?上身，等到有人相救，已?吃了眼前?了。??自算命眼

?大仙算命解??：

宅??，多是非，婚不合，病可?，蚕与畜，得利微
孕勿惊，行??，求??，勿妄?，??望，不甚宜

流年：??暗示是非多多，不是?事之年，凡事宜守?。

事?：最好勿与?人合?搞生意，自己做好本份，已??了。

?富：安守本份，收入尚算固定，??偏?命。

自身：可能有小官非，?防得罪?人，遭?复。

家庭：家??，要有心理准?，家中各人要互相体?。

姻?：??暗示有第三者介入，?情面?考?。

移居：移民外?，?境比?在更坏。

名?：清者自清，不必多花唇舌?自己申?吹?。

健康：小病不足?患。但要注意口腔?生。

友?：???得?人理解，唯有用行??明一切。

?水：失?勿妄?。

?失：?之亦不得。

自身：防有病口舌。

天?：意外有不美。

出行：凶多而吉少。",
78,第78??,"第七十八??：曾??志
求?吉凶：上吉??

算命??：
瑟希??尚留? 春暮??春服成
冠五六人童六七 舞雩???幽情

曾?，春秋?代??人，不但文思敏捷、心地善良，而且?遇而安，很懂得因???去做适宜的事。

?大仙算命解??：

?支??是曾?向?人?出他最大的愿望，希望和?的琴?，到???，在暮春三月，穿上???好的?衣，??五六位年青人、六七位儿童，虔?地去做完了求雨的祭祀，?家途中，心安理得，放怀唱?。??自算命眼

求得此??，只要心?心善，事事如意，天?人愿。凡事必?安守本，善与人同，????地?不优游快活矣。

?大仙算命解??：

?可得，病??，宅安?，婚可求，蚕与畜，多利收
?行人，即回?，?六甲，生男子，?望吉，任你?

流年：四季平安，尤其以春末夏初，??明??好。

事?：不妨把目?一得高?一些，得天??人事百事可?。

?富：既易??，亦易花?，但仍有收藏。

自身：??暗示?人特多，小人?侵，善与人同。

家庭：家宅?也融融，年?一代有喜事，倘情孕可生男。

姻?：遇有性格?朗??的有情人，?主?求婚。

移居：移民??，首要?件是气候与?居地差不多。

名?：是名利?收的好?年，多行善。

健康：?????病，秋冬防感冒。

友?：???一些年?比您?的新朋友。

?水：??暗示一定?丁?。

?失：必得回原物。

自身：平安多?人。

天?：事事如人意。

出行：往?皆吉利。",
79,第79??,"第七十九??：?良悟道
求?吉凶：中平??

算命??：
富?有如春?熟 世人何苦力?求
任他秉笏?朝立 到死惟留土一?

?良，祖先五代???丞相，后秦亡?，?良?交刺客，在博浪水狙?秦王而未果，逃亡江?，遇?石公，得?太公兵法，后助?邦建立?朝，封留候。

?大仙算命解??：

此??系?良在拜相封候之后，?悟到人生如?，富?名利像?眼?云。富?好像春?一?，世人又何苦?力去追求呢？即使?得到，手托朝笏，站在天子殿下，他日死?，?不是留下一堆?土？??自算命眼

求得此??者，惟安份守己，切勿起?心而妄求。更要存心?善，名垂不杇，万?留存，更???。切不可以?之心??人，此????喜?，亦?害?，平常而已。

?大仙算命解??：

名与利，勿?求，病与孕，求神助，蚕与畜，少收成
行未到，婚莫?，宅平常，德宜修，?望吉，待?候

此?有?人安分守己，凡事不可?求之意。

流年：由???于平淡，?您???大突破?，不妨享受眼前。

事?：有一种停?不前的感?，切勿逆天意而?求。

?富：?散人安?，?得多，花得多。

自身：安守本份，一切但求心之所安。

家庭：把多一些??和心机留?家庭，??得日子很?意。

姻?：拍拍散拖，勿要求?方太多。

移居：搬家并?新意，?划移民，???去亦????。

名?：不要?自己任何?力，?官，反而一身?。

健康：??一些，要??自我安慰。

友?：很多朋友想?您，但?于天意，?不?。

?水：??暗示平常?可取。

?失：?之亦?得。

自身：安份勿?碌。

天?：??暗示平淡?可喜。

出行：往?而?功。",
80,第80??,"第八十??：???疑
求?吉凶：中吉??

算命??：
???舞几?? 弓影?杯?作蛇
猜透?中玄妙? 泰?否极事?差

?是杯弓蛇影的故事。??有一天?人吃?，客人中，有一人疑心很重，居然怀疑杯中的弓影是蛇，?后?家，??不?，??知道后，再?他?家里，坐在原先的位置，?他弄清楚，酒杯中的蛇，原?只是挂?的弓箭的影子。?疑后，此人才心安理得。

?大仙算命解??：

一??酒一?欣?歌舞，是多么?得的?事，?端端?把杯中的弓影?作是蛇，真冤枉！明白此中的道理，就是?吉避凶。??自算命眼

求得此??必要力行善事，即使?人有愧，?鬼神亦??，?心有主宰矣。遇?苦之事，亦易??，不至??蛇落杯等弊，此乃衰极而??，??之??也，凡事俱平???。

?大仙算命解??：

?可得，病可?，畜与蚕，微有利，孕有喜，行?至
婚可合，?慎宜，宅平安，?得宜，??望，亦合?

流年：先苦后甜，凡事??，好??提前?。

事?：按照自己原??划去?行，勿受?人左右。

?富：??不?，但要避免花冤枉?。

自身：平安?事，不要疑心生暗鬼，心存善念，可以免?。

家庭：夫妻要坦?相待，切勿互相猜疑。

姻?：情?之?，要排除第三者干扰，雨?天晴后，宜婚嫁。

移居：要?居就早些?定，?气?好后，就不宜??。

名?：??暗示下半年的收??更大。

健康：有任何不舒服，最好找?正正式式的?生?察。

友?：朋友和洽相?，其中有一?能特??您。

?水：??暗示此地???。

?失：?之或可得。

自身：由苦而得甘。

天?：半?半可喜。

出行：到底亦?妨。",
81,第81??,"第八十一??：子路拱雉
求?吉凶：中吉??

算命??：
山梁雌雉得其? 上下??自?之
色??知翔后集 作?三嗅?山欹

孔子与?生子路，在山?看?一只雌雉，非常机警醒目，在???跳上跳落，快?地?叫?，但它??周?有什么异??，?上?走，等到确定安全?，再?回?，在它?走的?候，?叫三?，消失在山野?。

?大仙算命解??：

因孔子被尊?至圣，?只雌雉在孔子面前歌舞，亦被??朝圣。按照??意，是有一番好景的，但凡事都要知机，?中可能?出?危机?，要知道避忌。??自算命眼

求得??触物思人，?要????机?，遇有不合意者，?色不同，立即?机退避。探真地步，????，方可停留。恐人害己，而入其牢?而不知，故要提防小人及是非。

?大仙算命解??：

?可得，行亦?，孕与病，?仔?，蚕与畜，微有利
?望事，要知机，?家宅，亦安康，能?慎，大吉昌

流年：大致吉祥，偶有小?波?，要退避，不要??干。

事?：有?人?忙，小心?事，可望有成。

?富：有?大的正?，但也常有小破?。

自身：害人之心不可有，防人之心不可?，特?在快?得意?。

家庭：??暗示家居安全要小心，?防??和意外。

姻?：不要?信情?的?言，?情仍?考?一段日子。

移居：有移民之象，到新?境后要多加小心。

名?：不要?慕浮名，??背后，?伏危机。

健康：?小???咳嗽?些疾病，?理不好，?有些麻?。

友?：?居或同事，其中有可以成知己的。

?水：??暗示?慎方可用。

?失：?亦要知机。

自身：安??防避。

天?：事?有改移。

出行：??要回避。",
82,第82??,"第八十二??：孔子?磬
求?吉凶：中平??

算命??：
圣人?磬在于? ?料??有荷?
嗟?有心挽道? 可怜日月今?逝

孔子?磬的故事，告?我?，要惜取少年?，??做的，就要及?去做，否?老之?至，有心?力了。圣人孔子，在???磬的?候，?外有人??竹?路?，在磬?中，听出孔子是有志做一番救世救民的事?心，可惜，?不我与，?月就??逝去了。

?大仙算命解??：

求得此??者，凡事以善良和???，不要以?善事太小而不去做，也不要以??事太小而去做。做人，要把握今天珍惜今天。

凡事?以救人?己任，或出?，或出力，有利益于人者便要做。幽?有神??，明?有人?羡，何?不?。若年?老更要及早行善以救人，?必有?人扶助。??自算命眼

此??似有?愁气象，?事者亦平常，??平?。但是非小人口舌，恐?避兔矣，宜慎防能避之者吉。

?大仙算命解??：

行未?，病愈?，蚕与畜，得利微，欲求?，要待?
宅平常，婚不宜，?六甲，??祈，?望者，宜慎之

流年：天??自己不利，??大?，但?成大事。

事?：?踏?地?快?手上的工作做好，勿作不???构想。

?富：??暗示微中取利，太大的投?，??大，要?慎。

自身：如果人生如?博，今年只有四成?面。

家庭：家居平淡，敬重老人家，?添福。

姻?：?情一波三折，?方都缺乏信心。

移居：要移民就趁早?行，?福未知，要?自己的????。

名?：?有?名立功的机?。

健康：身上的病痛，恐怕?要延?一段日子，最好?一??生。

友?：小人多，背后也有不少在非?您，但可以不理。

?水：??暗示??多口舌。

?失：???暗示之亦?得。

自身：修善免是非。

天?：气?不甚美。

出行：防小人口舌。",
83,第83??,"第八十三??：赤松子招?
求?吉凶：中平??

算命??：
凡?身?几?? 世事?如迭迭山
既富尚???子 不知花放又花?

神仙赤松子?人??。他?：寄身在凡??，真不知道什么?候才得清?。世事??噩噩，堆?如山，??的望??，有?的又?心子女不成材。辛苦??中，不知不?花?又花落了。

?大仙算命解??：

世事如??，功名利?的追求，永?止境，何不?遇而安，把得失?辱都置?度外，凡事但求心之所安，要做生命的主人，不做生命的奴?。一?人，能看化，能知足，就?在其中了。??自算命眼

世道循?，??久富?，一切功名??。妻儿子女，第一要知足，第二要看化，?遇而安，不?世事所累，此身才有日清?耳。

?大仙算命解??：

名与利，勿?求，蚕与畜，亦??，行未至，婚莫?
宅平安，病可?，孕生女，命所招，?望者，勿?扰

流年：一切平淡，勿?心，亦勿?心。

事?：事在人?，在??工作中??得可行的?感。

?富：??普通，大?机?微，???。

自身：??暗示少??，多做公益事。

家庭：家中本已平?，不把主?愿望?加?人?上，?更和?。

姻?：??异性朋友，要踏?，外表并不重要。

移居：??去去，?于大???好与坏的影?

名?：不要做中?人，否?名?有?。

健康：天掉下??被?，要克服情???。

友?：与他人分享，多接受朋友意?。

?水：平?勿多心。

?失：?之恐?得。

自身：多事更?神。

天?：?得其全美。

出行：安份勿??。",
84,第84??,"第八十四??：?信?楚??
求?吉凶：中吉??

算命??：
?腹奇才志未? ????意?容
?良指示身投? ?羽?江命自?

?信，??的一名?，?助?邦建立?家江山。?信在?良指引，离?楚霸王?羽，投靠?邦。

?大仙算命解??：

?腹奇才的?信，?霄之志未能得?所愿，在楚王?中，曾被?羽指令??一只??公?而未成功，自尊心受挫。

后?幸得?良指引，投靠?邦，?于打??羽，使他?江自刎，吐了一口屈气。求得此??，今年?有?机，宜好自把握，切勿自暴自?。??自算命眼

求得此??者作事不可心急，??安份守己。行善修福，?必有?人提拔，?云??，????，吐气?眉也，人生斯世，??未到，藏器待?可也。

?大仙算命解??：

?可得，病可?，蚕与畜，均有利，宅平安，行?至
?六甲，亦?喜，?望者，???，有?人，任前向

流年：上半年平淡，下半年有?人指?，??好。

事?：天生我才必有用，平生所?有机?在工作中?露才?。

?富：正??不?，也有偏??，兼?收入可?。

自身：?未到?，勿灰心?志，做人要有始有?。

家庭：??暗示家宅平安，子女很听?。

姻?：?方正在??您的才?和品德，不必自吹。

移居：新?境肯定比?在好，?法搬?或改改?水。

名?：辛苦多年，?于有出?之日了。

健康：凡事量力而?，不要操??度。

友?：新相?的朋友在不知不?中?了您大忙。

?水：??暗示此地?自?。

?失：用方?可得。

自身：??要待?。

天?：先?而后易。

出行：?意遇?人。",
85,第85??,"第八十五??：?向得志
求?吉凶：上吉??

算命??：
太乙燃藜照?? 十年窗下苦功舒
?眉吐气袍穿? ??高??道?

?向，?室皇冑，因??曾下?，?中?持苦?，后?平反，出人?地。太乙，天神中最尊?者。

?大仙算命解??：

太乙神仙燃藜作?照明?向，是有大?人相助，天??得之吉祥寓意，是一支很好的??。求得者假如能把握良机，未??年必定有一番成就。??自算命眼

??意是太乙神仙燃藜??，照我??，十年寒窗下的辛苦用功，?于是舒一口的?候了。看我身穿?袍，?眉吐气，坐?四匹?拉的高?，前呼后?，多快?。

?大仙算命解??：

名可成，?亦得，行人回，家宅吉，?六甲，生?子
婚宜合，病?除，蚕与畜，?大利，?望事，?人?

流年：大旺?，有苦?甘?，?眉吐气之吉兆。

事?：?此平步青云逐步?拓未?的大?。

?富：???入佳境，但未到最盛?，切勿太?。

自身：戒?戒躁，最忌得?不?人。

家庭：大吉大利，光彩??，最好替??大事祝?。

姻?：最好能赶及今年?婚，年尾?子或今年怀孕，??更好。

移居：可以移民，但留在本地?展的机?更多。

名?：名成，最宜?任社??袖。

健康：身体?弱??，乘机培?基?。

友?：在?多的朋友中，有人真心真意?您。

?水：??暗示此地必??。

?失：?之?可得。

自身：平安兼??。

天?：丰稔大可喜。

出行：往?皆吉。",
86,第86??,"第八十六??：侃母迎?
求?吉凶：中平??

算命??：
截?迎?否也? ?中??更何人
古今只有陶侃母 所以名留万代?

陶侃，?代一位德才兼?的大官，初??吏，因表?出色，后逐步升?，官至征西大??，?江?州刺史，??八州?事。?官四十年如一日，不?不?不?，?不浪?一?一木。

?大仙算命解??：

?支?是?述陶侃年少?家?，??迎迓?客，陶母非常?淑，毅然剪下自己的??，拿去??。??的??，古今只得陶母一?，是值得万世景仰的。??自算命眼

求得此?，他日或者有好?境，但目前就要?法守一段日子了。凡事要?忍待?，?困?到极，若存正直之心，?必有好?在日后也。若??困?，切不可妄??行也。

?大仙算命解??：

婚可合，病可?，孕生女，行人?，蚕与畜，皆有利
?可求，家宅美，?功名，亦可求，?望事，好??

流年：?然未到大??，但??露出生机曙光。

事?：事在人?，在克服困?中，您???充?信心。

?富：正?可通?勤??聚。?偏???。

自身：心存正气，抗拒?惑，苦?甘?。

家庭：家中并不因?境而不安，要感?辛?的女眷。

姻?：??暗示婚姻美?，但勿攀附富?人家。

移居：家中有人出外??、?生，正合此?。

名?：??一言一行，???得?人的敬重。

健康：?大?，家中有孕?，生女最佳。

友?：与朋友保持君子之交淡如水，勿?交酒肉朋友。

?水：??暗示平??妨?。

?失：?之或可得。

自身：苦?而甘?。

天?：淡中有真味。

出行：去之亦合?。",
87,第87??,"第八十七??：?士??客
求?吉凶：中平??

算命??：
???座逞英雄 究竟?人秉大公
一云日下荀?? 一?云??士?

荀??与?士?，都是西??代的有?之士，各有抱?，各有著作，有一天，?雄相遇，坐在一起，各抒己?，雄?滔滔，?法分出高下。

?大仙算命解??：

此??有口舌是非之象，凡事切忌口水多?茶。?意是：在??中，各逞英雄，究竟哪一位的??最正确呢？?以定?。

有人?：荀??有道理，也有人??士???了。?然??大雅，但与人??，??失事?感情。??自算命眼

求得此??不可?听人言，及与人??，?逢凶可以化吉。平安?事，此??不凶不吉，平平??，但要防是非口舌，言?都要?慎?是。

?大仙算命解??：

?家宅，防是非，蚕与畜，得利微，??求，行未至
孕??，病可?，?婚姻，?另?，?望事，不甚宜

流年：平?中，常有逆流，勿与之??，避之?吉。

事?：工作有反复，要???付?言??。

?富：求???，明白和气生?，收入?改善。

自身：口舌是非，切戒。

家庭：家和万事?，勿受外人挑?离?。

姻?：首先要互相?就、适?，才有机??合。

移居：??暗示不利移民?居。

名?：?力得人敬，?口得人憎。

健康：少言?气，清心明志，才是?生之道。

友?：多年的朋友，可能因意?不合而分手。

?水：??暗示??心??。

?失：???不得。

自身：防小人口舌。

天?：事??防避。

出行：恐惹出是非。",
88,第88??,"第八十八??：花木???
求?吉凶：中吉??

算命??：
替父???气雄 ?眉巾?几人同
以身??忠而孝 笑煞???臣公

花木?，古?一位奇女子，因代父??而成?巾?英雄。

?大仙算命解??：

求得此??，可?中省悟??道理：一是?孝心，二是?忠心。替父??，?色?人，女人能有男人勇，世上有几人？以身??，既忠且孝，??很多大男人都自?不如呢！??自算命眼

凡事?忠孝之心，定能逢凶化吉，??有什么??困阻，都可以安然度?的。此??暗示，努力??下去，??出人?地的。?即勇往向前，不??苦。人所?造者，自己?心竭力造之，有此气概，事事皆吉。

?大仙算命解??：

?可得，病可?，孕生女，行??，?婚姻，配合宜
宅平安，胜??，蚕与畜，亦有利，?望事，合?施

流年：?程逐?明朗，有苦?甘?的?象。

事?：可承父?，并能??光大，??得上司??。

?富：每一??都由辛勤中得?，莫指望有??。

自身：立心善良，?往而不利。

家庭：家中和睦促使??，?敬重父母。

姻?：??暗示有良?，嫁娶可?在秋后。

移居：移民最好往北方?展，搬?宜与老人同住。

名?：在英勇中，建立新形象，功名?露。

健康：?极??，可使性格改?。

友?：在患?中建立的友?，今年可分享成果。

?水：此地有可取。

?失：力?必可得。

自身：?气得美名。

天?：苦中有甘味。

出行：去之?妨?。",
89,第89??,"第八十九??：?季子挂?
求?吉凶：下下??

算命??：
他???佩?? ?料徐君意欲?
既返愿?相?答 且??下表情?

?季子，?王??之末子，?明博?，?王???立幼，?位于他，但他?拒，后周游列?，以???博著?。

?季子游?到徐??，徐君很喜?季子的???，季子答?他，游???，就???送?他。不料他日??，徐君已逝，季子只得把???挂在徐君?前的大?下，以表?自己的?情和哀思。

?大仙算命解??：

此???下下，求得者，要小心?避，凡事要?慎，不可任意妄?。如果以此??自身者，今年??勿往探病吊?。??自算命眼

求得此??者，凡事要?慎而行，切不可?意。如??自身?，探??病都不宜去，以免沾染病痛也，宜向社?作福吉。

?大仙算命解??：

病??，人有?，行不?，婚有?，宅不安，各修善
?望事，???，蚕与畜，小入息，??求，必?极

流年：不利，有??，小心人、?的?失。

事?：勿考?新?展，只宜?守目前的工作。

?富：能保持目前的????，已?万幸。

自身：??太差，事事辛苦，莫偷?。

家庭：各人宜??自己的言行，多?心家中老人。

姻?：已婚者或未婚者，都要及?修?感情篱笆。

移居：移民或?居，都要?算有??上的?失。

名?：修善，守信，有名与否，都不要??。

健康：体??弱，易失眠多?。注意?胃?理。

友?：小心?友，以免被?友所累。

?水：??暗示此地?丁?。

?失：?亦空?力。

自身：??极?辛。

天?：?苦?所益。

出行：??不??。",
90,第90??,"第九十??：?拂女私奔
求?吉凶：中平??

算命??：
?整??夜欲奔 座中李靖更何人
那知?髯情?? 拔?三回未敢?

?府歌妓?拂女与李靖有情，?人正准?漏夜私奔，偏偏?髯客在??出?，?髯客与?佛女以兄妹相?。

??中，李靖???髯客??她，阻?他?的私奔，三次拔?要??髯客，都被?佛女阻止，彼此明白意向?，在?髯客?助下，三人一?逃出?府，?成??三?，共同??江湖。

?大仙算命解??：

?拂女、李靖、?髯客，三人之?的微妙?系，藉此?提醒我?，凡事要忍?，不可?莽行事。??自算命眼

求得此??者，凡事?忍?人，方能逢凶化吉。就??而?，不?吉亦不?凶，不??大?，平淡而已。

?大仙算命解??：

??得，病可?，蚕与畜，得利微，孕有惊，行??
宅平常，婚不宜，?望事，不可?，?功名，要待?

流年：平淡中常有小喜，但大?未是?候。

事?：宜与?人合作，合???也?妨。

?富：?大??，切忌与人有????，公私分明。

自身：切勿因一???而?定?退。

家庭：情?普通，?人之?不要互相猜忌。

姻?：??暗示有第三者介入，您可能遇???手。

移居：缺乏??划的移?，不敢恭?。

名?：避免桃色事件，否?身?名裂。

健康：精神疲倦，就要多??，???也不愿做，就要看?生。

友?：有异性?人相助，但切勿与之?展感情。

?水：??暗示平淡?可取。

?失：??亦?得。

自身：修善保平安。

天?：喜中有不美。

出行：?到勿相。",
91,第91??,"第九十一??：月里嫦娥
求?吉凶：上上??

算命??：
蟾?月殿柱?香 玉???万里光
六水三山??里 ?瑕一片挂??

嫦娥，后羿之妻，服了?丹之后，?升上天，成?月中仙子。

?大仙算命解??：

此?是?嫦娥在月?????的神仙生活。在蟾?月殿中，桂花常?香。一??月像玉?，照得万里?光。??自算命眼

人?的六水三山，都在月色下展???，白譬?暇的一片圣洁，高高?挂在青天。求得此上上?，高?神圣，万事皆??，前途光明。

?大仙算命解??：

病即愈，行人回，蚕与畜，?大利，?六甲，?子胎
家宅匡，如求?，婚姻合，?唱?，?望事，?阻?

流年：?程??去任何??，都明??好。

事?：您原???保守的?划，?有意想不到的突破。

?富：?源多，?路?，??自有方。

自身：平安，常有?心?事。

家庭：家?昌盛，特?旺女眷。

姻?：男追女要多花心思。女追男??利。婚事宜在秋后。

移居：??移民或?居，?南西北皆宜。

名?：要摒除高高在上的架子，多接近下?。

健康：清淡的?食，令您身?、?活、容?美。

友?：?您接触?高?次的社交圈子，?忘了昔日患?知己。

?水：??暗示?丁???。

?失：?即得原物。

自身：平安兼?利。

天?：事事合人意。

出行：?外亦可喜。",
92,第92??,"第九十二??：孔子?韶?
求?吉凶：中吉??

算命??：
至圣周游列?行 在?得听奏韶?
三月不知嘉肉味 善哉大道可功成

至圣孔子，在??听到韶?，令他心神陶醉，?三?月之久，每餐?中，竟不知肉是什么味道，?心致志去研究韶?的制作，所???忘餐，?于大功告成。

?大仙算命解??：

??的含意，?明易懂，但其中道理，就要求得此??的人，慢慢去?悟了。大致上有吉?凶，但是吉祥的程度有多大，与?人的努力有密切?系，如果，明知前面有?大金桔，也?得去摘，那就如入?山空手回了。??自算命眼

凡事能?心去做，?必成功。作事要有恒心，有?志，不可分心?外，?自然有吉?凶矣，凡事?利。

?大仙算命解??：

婚可合，病可?，?亦有，行?至，畜与蚕，皆有利
?六甲，亦?惊，?家宅，亦安宁，?望事，有功程

流年：具?一切旺?的?件，天?地利已有，就等人去努力了。

事?：宜?展新??，也可趁春天??工作?境。

?富：有?，但??得?慢，勿作短?投?投机。

自身：平平??，既?小人，?人亦不直接?您，要靠自己。

家庭：常有快?事。宜多在家中与?友?聚。

姻?：???相???的了解，是?合的年份了。

移居：??暗示移民??旺，可以?极?行。

名?：人?不是尊敬您的名利，而是佩服您的才能。

健康：要注意作息??的安排，提防消化道出毛病。

友?：有志同道合的朋友相?。

?水：??暗示可以?丁?。

?失：?之亦可得。

自身：??要得宜。

天?：?雨合人意。

出行：去之亦大利。",
93,第93??,"第九十三??：孔子???
求?吉凶：下下??

算命??：
??之音不忍听 淫??俗???
令人深入迷津路 所奏全非古??

??、??之音，超离正途，萎靡不振，主?不健康，用今日的?准，就是?色下流了。孔子?之，痛斥其非，后?，?、??于因文化?落亡?，?些音?，也可算是亡?之音了。

?大仙算命解??：

?云：?、?的音?，真?听！既?淫，又???俗，?早?令?家?亡的。因?，它所奏的，全非正?音?，听多了，?消磨?志，?入迷途的。得此?，有所警惕，是可以?吉避凶的。

求得此??者，凡事??慎，?善而行，一切?色?利不合?者。切不可?，必至?家?身矣，要防小人?是非，慎勿?信人言。??自算命眼

?大仙算命解??：

??求，病愈?，行人阻，婚不宜，蚕与畜，亦?利
?望事，不可?，孕有惊，宜?祈，宅不吉，宜慎之

流年：外界的?境不大好，凡事要小心，小心?得万年船。

事?：工作、生意、??都要?行矩步，不可?快。

?富：正?大致上与去年?大改?，切戒?博?婪。

自身：要把握自己的宗旨，勿受小人唆??惑。

家庭：?离三姑六婆，提防年青一代?入歧途。要?心他?。

姻?：??暗示???象，要勤???善良?宜。

移居：??出?的目的是移民、旅行，要戒酒色。

名?：在平凡中，您?感到一份安全。

健康：如?听音?看??的??，去打球?跑，明天?更好。

友?：??暗示小心口甜舌滑的异性。

?水：此地?丁?。

?失：??不能得。

自身：有阻障不安。

天?：世界?不美。

出行：?坏?扶持。",
94,第94??,"第九十四??：髯公?走扶桑
求?吉凶：中平??

算命??：
一窟?容?虎儿 乘??岭各栖之
名山自守?巢穴 可免??后悔?

?髯客是?看化一切的世外高人，本?他也喜??拂女，但?与她??兄妹，把机???李靖，三?行?仗?，共反暴隋。

后?，??三??李世民后，?髯客洞悉天机，?此人乃真命天子，一山不能藏二虎，于是与李靖、?拂女??，?自乘船投奔怒海，?走扶桑?，自?山寨王。

?大仙算命解??：

正所?，一山?藏二虎，倒不如知机另?山?栖身，各有各的?境，??可以避免?虎相斗必有一?的命?了。凡事要?要知机，?先退避，不可勉?去做。??自算命眼

求得此???人?事必不成，即成亦?得?久和衷共?。又要?度??方可?行，如虎之待有?，乃可分居??，如此彼此可免??矣。此??凶中似有吉，若能?忍?人，?可以???福，不可不知。

?大仙算命解??：

蚕与畜，?慎良，病与孕，恐有?，宅有?，?善昌
??得，婚不?，行人?，未回?，?望事，枉商量

流年：?然不太好，但能知机是可以逆流而上的。

事?：?只管埋?苦干，多留意外界，?求突破，另?新?展。

?富：??暗示先破?小?，再改善收入。

自身：切忌??，?离小人，要?力保?自己。

家庭：?不容?第三者介入，否??幸福可言。

姻?：?情有阻?，宁愿退避，也莫与之??呷醋。

移居：?您??目前?境不?心，?即考?移徙。

名?：不要逞英雄，留得青山在，不怕?柴?。

健康：?能?人，要改?多愁善感的作?。

友?：多忍?，互相尊重，彼此分享。

?水：??暗示有地要另?。

?失：?之恐?得。

自身：恐小人口舌。

天?：?雨不合宜。

出行：有害要回避。",
95,第95??,"第九十五??：女??石?天
求?吉凶：中平??

算命??：
功勤一?可成山 由少而多莫??
作事畏辛今汝? ?天?石亦??

太古之?，青天穿了?大洞，女?不??苦，?石??，用以?天，???辛，?于有成。

?大仙算命解??：

此??有?人?勤?拙之意：?看??一捧一捧的泥土，堆?在一起，就可以成?一座山了。

凡事都是由少而多，不要怕麻?，做事怕辛苦，?令您一事?成。您看看女??石?天的例子，又有什么?字可言呢？得此??宜在平?中勤?工作，?造未?。??自算命眼

求得此??凡事要不??苦，勤?用功，?必有成。到?一?永逸，苦?甘?也，乃平?之??，不用?疑。

?大仙算命解??：

宅平常，?善昌，病可?，孕?禳，蚕与畜，亦?妨
行未至，婚不良，求?者，亦平常，?望事，?自?

流年：可能有一次?大??，只要勤力做事，可安然?度。

事?：?事遇上不少阻力，但不可中途改?原??划。

?富：?染指急功近利行?，要???蓄。

自身：?善固?，我行我素，?是自保基本法。

家庭：??暗示勤?拙，??廉，日子?得清雅心安。

姻?：?情路，?有一段??的在前面，要考??方的心意。

移居：可以考?，但新?境的?拓，???辛。

名?：您??以?干少言的形象傲?同群。

健康：多作体力??，?余常活?，有益身心。

友?：要?离口惠而?不至的假朋友。

?水：??暗示??要另?。

?失：?之要用力。

自身：保重便平安。

天?：辛苦有微利。

出行：勤苦乃成功。",
96,第96??,"第九十六??：文姬思?
求?吉凶：中平??

算命??：
羌笛?吹?更悲 异?作客触?期
南?孤雁如怜我 ?寄家???知

蔡文姬，??人，?匈奴?兵所掠，嫁与左?王，十二年后才??家。

?大仙算命解??：

如果在春夏?分求得，?及早?吉避凶。羌笛在塞外?吹，曲?更令人?感。它使异?的游子，醒悟起?家的日子，???期。?是一?悲?的意境，在秋冬?季求得此??者，要特?小心。??自算命眼

南?的孤雁，假若同情我，?常常替我??家??故?的?人。
于此?境，首先要自我珍重，保存?力，等待??的一日。求得此??凡事宜慬慎，秋季更要注意，宜向天后娘娘作福吉。

?大仙算命解??：

行未至，病愈?，宅??，婚不宜，蚕与畜，得利少
孕有?，?未至，?望事，要待?，凡作事，多?机

流年：阻?甚多，与其冒?，不如?守待?。

事?：勿胡?投?，否?泥足深陷，何?望?故?？

?富：??未通，打工比?老板的日子好?。

自身：心中常有事情挂?，宜自我?解，眼光放?一些。

家庭：家人有分离之象，切勿??，以免家?更差。

姻?：?情面?考?，?不宜考??婚。

移居：若有移徙，往?南比往西北?佳。

名?：?有?名机?，不如踏?做好目前工作。

健康：秋后身体易出毛病，注意心肺气管。

友?：身?朋友?少，反而有?多机?与?方?友通信。

?水：??暗示丁?俱蹇?。

?失：?之亦?得。

自身：有阻隔不安。

天?：?雨不如意。

出行：徒?亦?功。",
97,第97??,"第九十七??：康???
求?吉凶：中平??

算命??：
??晚眺倚南? ?目?光景色幽
一?小舟?下? ?翁?得有??

康?，古?一?士。倚?向南?台的?杆，?目的?光景色幽雅，水面上，有一?小舟，只?康?作?翁打扮，??下?，至于有?有??，那就不得而知了。

?大仙算命解??：

?支??中?然并?凶?，但亦只空有良辰美景，??不得其法，有?收?，?是?未知?。??自算命眼

求得此??要看看自己的年?，年老者，姑且逍?度日，但求心之所安，年青者，那就要好好把握?机了。

?大仙算命解??：

??得，病愈?，畜与蚕，得利微，?望事，宜慎之
孕??，行未至，?婚姻，另?宜，宅平常，?善昌

流年：平?中仍有些机?，特?在春秋?季。

事?：完全靠自己，可以??噩噩又一年，也可以?法?取。

?富：大???求，但正路小?，?常都有机?。

自身：??暗示大致平安，要好好照?自己。

家庭：?馨祥和，家庭不?您?力，但您要好好?惜家人。

姻?：夫妻的小磨擦??感情，但情?的?吵??致分手。

移居：??新?境，生活得更?意。新居取向南。

名?：?指望有什么浮名，勿与人??。

健康：小病痛如??、?敏等症，多反复。

友?：?交一些清?的朋友，他???淡您的事?心。

?水：??暗示此地?可取。

?失：?之?所得。

自身：辛苦未得安。

天?：勤苦不如意。

出行：苦中有?味。",
98,第98??,"第九十八??：管?分金
求?吉凶：中平??

算命??：
入山种玉嫌田? 掘地?金?客多
富???天注定 世人何苦力奔波

春秋，??有?位患?知己，他?就是管仲与?叔牙，即使?困中，他?也???如?土。后人以管?之交???真正朋友。

?大仙算命解??：

此??以管?分金，??喻世人不要因利忘?。??云：自私的人，入山采玉，又嫌自己的田地?窄，掘地?金，又??金客多?分薄自己。

我????管子与?子，明白富???一早就天注定，世人何苦??而奔波呢？得此??要守?修善果，不要做金?的奴?。??自算命眼

凡事宜力到力?，修善果植福基，自然可以?福，不必?求。所?不??意求佳景，自有奇逢?早春。

?大仙算命解??：

畜与蚕，得利微，孕?惊，行??，宅平?，婚不宜
??得，病可?，??望，愿??，??益，早收?

流年：知足者，今年清?安?﹔不知足者，?求又何益？

事?：安?，凡事?力，莫太??得失。

?富：?太刻意追求金?，今年??是去年的延?，?化不大。

自身：??暗示勿斤斤??，要大事化小，小事化?。

家庭：??有利益?突?，?更和?。

姻?：可能???方不太合适您，?急再花些??适?。

移居：一?一往，??失事，?且留在?境吧。

名?：多做公益，勿沽名??。

健康：凡事看化，身体平安。

友?：有好知己与您分享快?，分??愁。

?水：??暗示想?丁??。

?失：?之恐?力。

自身：知足便??。

天?：得失有天意。

出行：辛苦?所益。",
99,第99??,"第九十九??：?文公遇害
求?吉凶：中平??

算命??：
雪????不前 ?狂?父莫?船
水流花?人?惜 早立?心志勿偏

八仙之一的?湘子，是?愈的侄?，他曾在初冬施法，令牡丹?花，而每朵花有一字，合起?就是云?秦岭家何在，雪????不前，?愈不解其意。

不久后，因?迎佛骨，惹怒皇上，??潮州刺史，途中遇上?雪，?不前，船夫亦不?船，后?湘子赶?相送，?愈始明白?湘子的?言。

?大仙算命解??：

此?有?息??不佳之意，落花流水?人同情，唯有靠自己立志?定而已。后??愈在潮州政??然，被??文公。??自算命眼

求得此??凡事???慎，更宜防小人口舌是非。此????大?，亦?可喜，能?慎可得平?而已。

?大仙算命解??：

行未至，病慎?，??得，婚不宜，?望事，要待?
孕??，名亦?，蚕与畜，少利?，宅平常，?善?

流年：春夏秋?算平?，冬天要提防??急?直下。

事?：工作要?慎，上司与同事，都不能得罪。

?富：??欠佳，投?要小心，秋后要知机收手。

自身：??暗示小人多多，戒多言，提防官非。

家庭：夫妻有小磨擦，但??大雅，要孝敬老人。

姻?：感情有阻?，婚事?了冬天再考?。

移居：?往北方??合适，往南方困??大。

名?：易被人??，做事要有始有?，用事??解?一切。

健康：有小病也?速??生，有体魄才能?付今年的?化。

友?：?得起考?的朋友，助您度???。

?水：??暗示此地?凶煞。

自身：阻隔未平安。

天?：?色有不美。

?失：?之恐?力。

出行：去必惹??。",
100,第100??,"
?大仙算命??100
第一百??：唐明皇?花
求?吉凶：中吉??

算命??：
百花?放??春 万物?今??新
末?莫言??至 不知否极泰??

古人?唐明皇?花：太平盛世，百花?妍斗?，??新春，万物?此又送?迎新。?以??得最尾、?得最尾的那朵花就最差，??明白，凡事到了??，就是新的?始了，?就是周而复始、否极泰?的道理了。

?大仙算命解??：

?大仙??一百枝，?是最末一枝，??中吉，但有?物沉?底之意，又有否极泰?、面?另一?循?之象，求得者，苦?甘?，???弱??，????生机。得此??必有一番新景象。??自算命眼

天?循?，?往不复，如百花?放，以?新春，万象?新。人亦?此改??善，??洗心，?染污?，?然一新。?目前否塞之极，自有亨通??之?也。求得此??者，??佳境，苦?甘?，???福也。

?大仙算命解??：

宅??，善?昌，病?愈，婚亦良，行?至，孕??
畜与蚕，亦有利，求?者，?得意，?望事，大可喜

流年：由??易，由??新，由弱??，?露曙光。

事?：工作越投入，??越快，局??定，即可多方面?展。

?富：由平凡走向富有，天天有新?境。

自身：??暗示由?入奢，力戒趾高气?。

家庭：年?有多件好事，夫妻、?子之?感情融洽。

姻?：那位曾?与您共患?的人，也可以与您共富?。

移居：?有移民?，但未是最佳?，反而可考??居。

名?：保持?厚，您?更加得人喜?和敬重。

健康：体???，病痛即除，但要注意多休息。

友?：?朋新知，常常增添您工作和生活的愉快。

?水：???丁?。

?失：?之亦可得。

自身：衰极持好?。

天?：??有生机。

出行：???富?。",
