"id","title","summary","content","intent_mapping","time_range","semantic_anchors"
"1","第01靈籤:姜公封相","[A1]求籤吉凶：上上靈籤","[A2]算命籤詩：
靈籤求得第一枝 龍虎風雲際會時
一旦凌霄揚自樂 任君來往赴瑤池
姜子牙，世人多稱之為姜太公。周朝的開國功臣，他輔佐周武王戰敗了暴君紂王，在多場敵強我弱的惡戰中，如有神助取得勝利。封神榜一書有記載姜公在元始天尊、太乙真人、南極仙翁諸神的扶助，取得封神榜。
[A2]黃大仙算命解籤詩：
算命求得這支上上籤詩，可喜可賀！龍虎得風雲際會，您立下的大志，將會得償所願，並能到達至善至樂的境界。正所謂東成西就，左右逢源，萬事如意。轉載自算命眼
黃大仙算命解運勢：
功名遂，求財豐，六畜吉，家宅隆，病即愈，蚕有功
孕生子，婚姻同，行人至，快如風，若謀望，盡享通
[A3]流年：大吉大利，去年失去的，將會在今年得到。
[B]事業：由於有很多貴人扶持，謀事較易成就。
[C]財富：靈籤暗示正財大豊收，亦有些小橫財。
[D]自身：一年四季皆順遂平安。
[E]家庭：和氣吉祥，宜在今年添丁。
[F]姻緣：愛情幸福，適婚人士莫錯過今年好時機。
[G]移居：置業，搬遷，移民，都有機會。
[H]名譽：學業，事業，社會服務，各方面均易獲嘉獎。
[I]健康：靈籤暗示困擾多時的小病即將成為過去。
[J]友誼：貴人多，小人難侵，廣結善緣，多結交新的朋友。
[K]風水：發貴兼丁財。
[L]遺失：即得回原物。
[M]自身：四季俱平安。
[N]天時：豐稔又可喜。
[O]交易：到處有喜色。
[P]出行：行人至，往來合心，出門大吉。","{\"general_fortune\":[\"A1\",\"A2\",\"A3\",\"B\",\"C\",\"D\",\"E\",\"F\",\"G\",\"H\",\"I\",\"J\",\"K\",\"L\",\"M\",\"N\",\"O\",\"P\"],\"career\":[\"A1\",\"B\"],\"wealth\":[\"A1\",\"C\"],\"love\":[\"A1\",\"F\"],\"marriage\":[\"A1\",\"F\"],\"health\":[\"A1\",\"I\"],\"family\":[\"A1\",\"E\"],\"self\":[\"A1\",\"D\",\"M\"],\"reputation\":[\"A1\",\"H\"],\"travel\":[\"A1\",\"P\"]}","T2","{\"A1\":\"fortune_level\",\"A2\":\"poem_explanation\",\"A3\":\"yearly_fortune\",\"B\":\"career\",\"C\":\"wealth\",\"D\":\"personal\",\"E\":\"family\",\"F\":\"love\",\"G\":\"migration\",\"H\":\"reputation\",\"I\":\"health\",\"J\":\"friendship\",\"K\":\"feng_shui\",\"L\":\"lost_items\",\"M\":\"personal\",\"N\":\"weather\",\"O\":\"business\",\"P\":\"travel\"}"
