"id","title","summary","content"
"1","第01靈籤:姜公封相","[A1]求籤吉凶：上上靈籤","[A2-1]算命籤詩：
靈籤求得第一枝 龍虎風雲際會時
一旦凌霄揚自樂 任君來往赴瑤池
姜子牙，世人多稱之為姜太公。周朝的開國功臣，他輔佐周武王戰敗了暴君紂王，在多場敵強我弱的惡戰中，如有神助取得勝利。封神榜一書有記載姜公在元始天尊、太乙真人、南極仙翁諸神的扶助，取得封神榜。
[A2-2]黃大仙算命解籤詩：
算命求得這支上上籤詩，可喜可賀！龍虎得風雲際會，您立下的大志，將會得償所願，並能到達至善至樂的境界。正所謂東成西就，左右逢源，萬事如意。轉載自算命眼
黃大仙算命解運勢：
功名遂，求財豐，六畜吉，家宅隆，病即愈，蚕有功
孕生子，婚姻同，行人至，快如風，若謀望，盡享通
[A3]流年：大吉大利，去年失去的，將會在今年得到。
[B]事業：由於有很多貴人扶持，謀事較易成就。
[C]財富：靈籤暗示正財大豊收，亦有些小橫財。
[D]自身：一年四季皆順遂平安。
[E]家庭：和氣吉祥，宜在今年添丁。
[F]姻緣：愛情幸福，適婚人士莫錯過今年好時機。
[G]移居：置業，搬遷，移民，都有機會。
[H]名譽：學業，事業，社會服務，各方面均易獲嘉獎。
[I]健康：靈籤暗示困擾多時的小病即將成為過去。
[J]友誼：貴人多，小人難侵，廣結善緣，多結交新的朋友。
[K]風水：發貴兼丁財。
[L]遺失：即得回原物。
[M]自身：四季俱平安。
[N]天時：豐稔又可喜。
[O]交易：到處有喜色。
[P]出行：往來皆合心。"
"2","第02靈籤：王道真誤入桃源","[A1]求籤吉凶：上吉靈籤","[A2-1]算命籤詩：
枯木逢春盡發新 花看葉茂蝶來頻
桃源競斗千紅紫 一葉漁舟誤入津
桃源即晉代陶淵明所述的世外桃源。傳說中，這位有緣人王道真亦曾順水行舟，無意間到達桃源，看見一群逃避戰亂的先秦遺民，快樂無憂的生活在一個百花爭妍，萬紫千紅，花香蝶舞，枯木逢春的境界。
[A2-2]黃大仙算命解籤詩：
算命求得此籤詩，有一種否極泰來，枯木逢春、時來運轉、快活無憂的徵兆，所以一切佳景，不必刻意去強求﹔順其自然，盡力而為，反而有意想不到的收獲。枯木遇春天而發新芽。花香葉茂引蝴蝶頻來。轉載自算命眼
黃大仙算命解運勢：
財有望，病可愈，蚕獲利，婚有緣，家宅吉，行人歸
養六畜，好向前，問六甲，瓜瓞綿，若謀望，福祿全
[A3]流年：靈籤暗示今年常喜樂，無凶險，可有意外收獲。
[B]事業：水到渠成，凡事順其自然，必有好結果。
[C]財富：靈籤暗示有意外之財，但不可沉迷投機博彩。
[D]自身：貴人多，保平安。切戒與人爭斗。
[E]家庭：和睦，愉快，及時行樂。
[F]姻緣：未婚者易遇有緣人。已婚者人妻和諧，但忌婚外戀。
[G]移居：世外桃源有避亂世之象，請把握機會。
[H]名譽：切勿做沽名釣譽之事，何必追逐浮名？
[I]健康：今年有轉弱為強之機，多作戶外運動。
[J]友誼：靈籤暗示出門遇貴人，朋友為您帶來無比歡樂。
[K]風水：丁財可小發。
[L]遺失：無心得回物。
[M]自身：修養有仙緣。
[N]天時：快樂又可喜。
[P]出行：意外遇貴人 。"
"3","第○三靈籤：魯班開山","[A1]求籤吉凶：中平靈籤","[A2-1]算命籤詩：
牛山之木皆常美 獨惜斧工盡伐他
大器大材無足用 規矩不准怎為搓
魯班，春秋時代魯國人，發明多種土木建筑工具，被尊崇為建筑行業的祖師爺。他曾訓令門徒，切勿亂砍亂伐木材，令這樣豊富的牛山，變成牛山濯濯，光禿禿，竟然無一合適的材料可用。
[A2-2]黃大仙算命解籤詩：
這靈籤的主要意思是說，本來有很好的條件，但是處理失當，不知不覺間，優勢盡失，等到急需人、財、物應用的時候，才發覺已經一無所有了。暗示要珍惜資源，慎防小人，摒棄惡習。轉載自算命眼
黃大仙算命解運勢：
名與利，依理求，蚕與婚，莫妄謀，病慎醫，免禍患
問家宅，德宜修，行未至，孕有憂，凡謀事，勿貪求
[A3]流年：上半年平平，宜未雨綢繆，否則下半年就會出現逆境。
[B]事業：宜守不宜攻，最忌一意孤行。
[C]財富：靈籤暗示正財運不算太差，忌賭博，不貪不謀。
[D]自身：好好修養自己，小心言行。
[E]家庭：孝順父母，在家中要營造和諧氣氛。
[F]姻緣：今年內不是結婚的好時機。提防異性小人。
[G]移居：遠行有阻滯。旅行或搬遷小心人財安全。
[H]名譽：不要逞強，不要出風頭。
[I]健康：病向淺中醫，養病如養虎，慎之。
[J]友誼：小心擇友，勿受小人唆擺作出壞的嘗試。
[K]風水：多不合剪裁。
[L]遺失：原物恐難得。
[M]自身：修養乃平安。
[N]天時：風雨不合時。
[P]出行：靈籤暗示防小人口舌。"
"4","第○五靈籤：韓夫人惜花","[A1]求籤吉凶：中吉靈籤","[A2-1]算命籤詩：
東園昨夜狂風急 萬紫千紅亦盡傾
幸有惜花人早起 培回根本復栽生
韓夫人，是隋煬帝的一位姬妾，相傳是一位惜花之人。韓夫人惜花另有一籤詩如下：
滿園桃李正開時。淺白深紅色總宜。
何以東風苦相妒。曉來折去最高枝。
[A2-2]黃大仙算命解籤詩：
此靈籤是提出一個警告：今年會有較大的波折，天時稍差，地利亦易有失，唯一可取的，就是人和，希望有貴人相助，度過難關，回復生機。轉載自算命眼
東園的百花，被狂風所吹襲，幸有惜花之人，不辭勞苦，去善後，去化險為夷，這個惜花人，可以是自己，也可以是別人。
黃大仙算命解運勢：
名與利，要待時，宅運滯，行人遲，孕有險，病擇醫
出行阻，婚遲疑，蚕與畜，得利微，問謀望，宜謹慎
[A3]流年：有阻滯，是先苦後甜的格局。
[B]事業：雖然形勢不利，但憑自己努力可保無虞。
[C]財富：有小破財之象，對金錢勿存太大希望。
[D]自身：一定要修心養性，才能臨危不亂。
[E]家庭：家中可能有人會病痛多。
[F]姻緣：靈籤暗示勿在今年結婚。蜜運恐有波折。
[G]移居：移民有阻，也不宜搬遷。勉強進行，要破財。
[H]名譽：經過挫折後，可讓別人發現自己的實力。
[I]健康：有病勿自己濫用治療，更勿信江湖郎中。
[J]友誼：在患難中，你會更清楚誰是真正朋友。
[K]風水：丁財恐要退。
[L]遺失：託人情可得。
[M]自身：修善免禍侵。
[N]天時：遭恐難避。
[P]出行：損害恐難言。"
"5","第01靈籤:姜公封相","[A1]求籤吉凶：上上靈籤","[A2-1]算命籤詩：
靈籤求得第一枝 龍虎風雲際會時
一旦凌霄揚自樂 任君來往赴瑤池
姜子牙，世人多稱之為姜太公。周朝的開國功臣，他輔佐周武王戰敗了暴君紂王，在多場敵強我弱的惡戰中，如有神助取得勝利。封神榜一書有記載姜公在元始天尊、太乙真人、南極仙翁諸神的扶助，取得封神榜。
[A2-2]黃大仙算命解籤詩：
算命求得這支上上籤詩，可喜可賀！龍虎得風雲際會，您立下的大志，將會得償所願，並能到達至善至樂的境界。正所謂東成西就，左右逢源，萬事如意。轉載自算命眼
黃大仙算命解運勢：
功名遂，求財豐，六畜吉，家宅隆，病即愈，蚕有功
孕生子，婚姻同，行人至，快如風，若謀望，盡享通
[A3]流年：大吉大利，去年失去的，將會在今年得到。
[B]事業：由於有很多貴人扶持，謀事較易成就。
[C]財富：靈籤暗示正財大豊收，亦有些小橫財。
[D]自身：一年四季皆順遂平安。
[E]家庭：和氣吉祥，宜在今年添丁。
[F]姻緣：愛情幸福，適婚人士莫錯過今年好時機。
[G]移居：置業，搬遷，移民，都有機會。
[H]名譽：學業，事業，社會服務，各方面均易獲嘉獎。
[I]健康：靈籤暗示困擾多時的小病即將成為過去。
[J]友誼：貴人多，小人難侵，廣結善緣，多結交新的朋友。
[K]風水：發貴兼丁財。
[L]遺失：即得回原物。
[M]自身：四季俱平安。
[N]天時：豐稔又可喜。
[O]交易：到處有喜色。
[P]出行：往來皆合心。"
"6","第○六靈籤：王羲之歸故里","[A1]求籤吉凶：上吉靈籤","[A2-1]算命籤詩：
一片孤帆萬里回 管弦嘔啞且停杯
如雲勝友談風月 暢敘幽情極樂哉
王羲之，東晉人，出身貴族，官至右軍將軍，會稽內史。後來辭官歸故里浙江紹興，研習書法有卓越成就，自成一格，為後代的毛筆字體開創一條新路。
書法名家姓王名羲之當時在萬里遠處回家。常吹簫彈琴飲酒。許多朋友相聚談風說月。心情歡欣。快樂之極。
[A2-2]黃大仙算命解籤詩：
這支靈籤是形容一位有才學又有相當經濟基礎的人，放棄官場的爭斗，急流勇退，毅然返故鄉，一方面得聚天倫及友誼之樂，優哉悠哉，一方面又可以繼續發展自己的專長，揚名於後世。
黃大仙算命解運勢：
蚕有利，名必成，行人至，家宅興，病即愈，財即盈
六畜吉，婚姻成，若六甲，貴子生，問謀望，百事享
[A3]流年：大吉大利，尤其是秋冬時分。轉載自算命眼
[B]事業：諸事順意，對身邊的人，隨和一些，更佳。
[C]財富：賺錢不少，花費亦不少。
[D]自身：平安無事，多行善積福，好運會延續。
[E]家庭：家運興旺，可以及時行樂。
[F]姻緣：夫妻和順，未婚者今年底有好機會。
[G]移居：無論搬遷或移居外國，但求心之所安。
[H]名譽：多助人，多作公益，功名建在不知不覺間。
[I]健康：身心愉快，可保最佳狀態。
[J]友誼：會結交一些志同道合的新朋友。
[K]風水：平穩自然發。
[L]遺失：靈籤暗示多方求可得。
[M]自身：靈籤暗示積善遇貴人。
[N]天時：風雨皆可喜。
[P]出行：事事合心情。"
"7","第○八靈籤：崔子弒父","[A1]求籤吉凶：下下靈籤","[A2-1]算命籤詩：
鳴鳩爭奪鵲巢居 賓主參差意不舒
滿嶺喬松蘿蔦附 且猜詩語是何如
「詩﹒召南﹒鵲巢」有雲：維鵲有巢，維鳩居之。喜鵲善於筑巢，而鳩鴿卻不懂筑巢，往往恃惡霸占而居之。此已有主被賓欺之象，也即是俗稱的「客家占地主」。
[A2-2]黃大仙算命解籤詩：
蘿蔦，即蔦蘿，一種攀藤植物，山嶺上的松樹，都被它們纏繞著。有困身，小人依附之象。春秋時，崔子因妻被齊王占有，怒而起兵殺之。轉載自算命眼
此靈籤有鳩占鵲巢之象，年內謹防小人欺凌，惡人相侵，要小心一言一行。凡事宜隱忍勿強爭奪。誠恐為是非而拖累。難以解脫而要依附於人也。此乃凶多而吉少之象。
黃大仙算命解運勢：
宅運滯，行未歸，病與孕，當仔細，問謀望，事無濟
蚕與畜，恐有敝，求財者，勿妄為，論婚姻，總不諧
[A3]流年：是非多多，而且一波未平一波又起。
[B]事業：極難有成就，在守業，要防惡人奸人。
[C]財富：靈籤暗示能夠保持現狀，已屬萬幸，切戒貪謀。
[D]自身：小人纏身，是是非非不絕於耳，慎言。
[E]家庭：家宅運滯，婦孺更要小心出入、交友。
[F]姻緣：婚姻與愛情都備受考驗，防第三者出現。
[G]移居：機會微小，若勉強行事，須小心抉擇，並作福祭朱雀。
[H]名譽：靈籤暗示凡事宜忍，和為貴。
[I]健康：病痛較多，特別在春秋兩季。
[J]友誼：來說是非者，便是是非人。勿被人口甜舌滑所騙。
[K]風水：凶煞多損害。
[L]遺失：失了又執。
[M]自身：疾病口舌多。
[N]天時：可憂無可喜。
[P]出行：有敗而無成。"
"8","第03靈籤：魯班開山","[A1]求籤吉凶：中平靈籤","[A2-1]算命籤詩：
牛山之木皆常美 獨惜斧工盡伐他
大器大材無足用 規矩不准怎為搓
魯班，春秋時代魯國人，發明多種土木建筑工具，被尊崇為建筑行業的祖師爺。他曾訓令門徒，切勿亂砍亂伐木材，令這樣豊富的牛山，變成牛山濯濯，光禿禿，竟然無一合適的材料可用。
[A2-2]黃大仙算命解籤詩：
這靈籤的主要意思是說，本來有很好的條件，但是處理失當，不知不覺間，優勢盡失，等到急需人、財、物應用的時候，才發覺已經一無所有了。暗示要珍惜資源，慎防小人，摒棄惡習。轉載自算命眼
黃大仙算命解運勢：
名與利，依理求，蚕與婚，莫妄謀，病慎醫，免禍患
問家宅，德宜修，行未至，孕有憂，凡謀事，勿貪求
[A3]流年：上半年平平，宜未雨綢繆，否則下半年就會出現逆境。
[B]事業：宜守不宜攻，最忌一意孤行。
[C]財富：靈籤暗示正財運不算太差，忌賭博，不貪不謀。
[D]自身：好好修養自己，小心言行。
[E]家庭：孝順父母，在家中要營造和諧氣氛。
[F]姻緣：今年內不是結婚的好時機。提防異性小人。
[G]移居：遠行有阻滯。旅行或搬遷小心人財安全。
[H]名譽：不要逞強，不要出風頭。
[I]健康：病向淺中醫，養病如養虎，慎之。
[J]友誼：小心擇友，勿受小人唆擺作出壞的嘗試。
[K]風水：多不合剪裁。
[L]遺失：原物恐難得。
[M]自身：修養乃平安。
[N]天時：風雨不合時。
[P]出行：靈籤暗示防小人口舌。"
"9","第一○靈籤：蘇秦不第","[A1]求籤吉凶：中平靈籤","[A2-1]算命籤詩：
一輪月鏡挂空中 偶被浮雲障疊重
玉匣何時光氣吐 誰人借我一狂風
戰國時代，蘇秦多次參加考試，都落第，本來，他是一個非常有學問、有見識的人，但奈何時運未開。幸而他並沒有為暫時的失意而心灰意冷，憑著不屈不撓的意志，終於官拜宰相。
[A2-2]黃大仙算命解籤詩：
明月、玉匣，代表一個人的真才實學，可惜，偶然被浮雲所遮掩，未能展露光芒。誰人借我一狂風呢？有一種等待機會，貴人未遇的感嘆。轉載自算命眼
暗示求得此靈籤者，不要輕舉妄為。當隱忍待時，不可妄動，防避小人口舌，不久即有貴人相扶，消此小劫也，此乃吉中微有凶之靈簽。
黃大仙算命解運勢：
婚不合，病慎醫，宅運滯，行人遲，求財者，要待時
問六甲，必女兒，蚕與畜，宜慎謹，若謀望，當三思
[A3]流年：今年的阻滯較多，宜以不變應萬變。
[B]事業：一動不如一靜，除非遇上大貴人，否則宜穩守。
[C]財富：靈籤暗示大財偏財機會甚微，但常有小財。
[D]自身：尚算平安，無論發生何事，也無大礙。
[E]家庭：和氣可令好運提前來。今年生女會為家庭帶來好轉機。
[F]姻緣：夫妻常有小磨擦，宜避免。不宜今年結婚。
[G]移居：移民外國或搬遷新居，都有機會。
[H]名譽：不妨為公眾多做點事。
[I]健康：常有小病，如頭痛、感冒、睡眠不寧。
[J]友誼：靈籤暗示要遠離小人，勿與異性朋友來往太密。
[K]風水：此地暫失運。
[L]遺失：待時不用問。
[M]自身：有事不用憂。
[N]天時：微有不合意。
[P]出行：慎之無不利。"
"10","第十一靈籤：漢文帝賞柳","[A1]求籤吉凶：上吉靈籤","[A2-1]算命籤詩：
楊柳垂堤鎖綠煙 日長三起又三眠
往來紫燕紛飛舞 裊娜迎風倩我憐
漢文帝，一個施德政、親人民的皇帝，在位二十三年，實行「與民休息」的政策， 減輕地稅、賦役、刑獄，在平定諸呂之亂後，國計民生得以復蘇，農業生產迅速發展。
[A2-2]黃大仙算命解籤詩：
漢文帝最喜歡欣賞楊柳的美態，為了提高工作效率，他采用分段睡眠法，每日三眠三起，醒後必欣賞綠柳垂堤，紫燕在其間飛舞的美好景色。蓋楊柳有時垂有時起，且有燕子往來飛舞其間，迎風搖動，景色怡人。轉載自算命眼
得此靈籤有萬事如意之象，求謀順遂事事皆吉。
黃大仙算命解運勢：
六畜吉，家宅昌，財可得，病者康，孕生子，名必揚
若謀望，皆吉祥，行人至，婚姻良，蚕有利，樂無疆
[A3]流年：一切吉祥如意，快樂無愁。
[B]事業：有極顯著的成就，但凡事要親力親為。
[C]財富：正財財源滾滾而來，偏財則極少。
[D]自身：平安，但一定要為未來多積福德。
[E]家庭：父母慈，子女孝，樂也融融。
[F]姻緣：夫妻感情越來越好。未婚者今年可締結良緣。
[G]移居：有搬遷和移民機會，而且路上有貴人。
[H]名譽：可以建立名譽和功勛。
[I]健康：多作戶外運動，更可延年卻病。
[J]友誼：化敵為友，宜擴大社交圈子。
[K]風水：靈籤暗示吉地逢人愛。
[L]遺失：求之必可得。
[M]自身：積善遇平安。
[N]天時：風雨皆可喜。
[P]出行：靈籤暗示小人變貴人。"
"11","第03靈籤：魯班開山","[A1]求籤吉凶：中平靈籤","[A2-1]算命籤詩：
牛山之木皆常美 獨惜斧工盡伐他
大器大材無足用 規矩不准怎為搓
魯班，春秋時代魯國人，發明多種土木建筑工具，被尊崇為建筑行業的祖師爺。他曾訓令門徒，切勿亂砍亂伐木材，令這樣豊富的牛山，變成牛山濯濯，光禿禿，竟然無一合適的材料可用。
[A2-2]黃大仙算命解籤詩：
這靈籤的主要意思是說，本來有很好的條件，但是處理失當，不知不覺間，優勢盡失，等到急需人、財、物應用的時候，才發覺已經一無所有了。暗示要珍惜資源，慎防小人，摒棄惡習。轉載自算命眼
黃大仙算命解運勢：
名與利，依理求，蚕與婚，莫妄謀，病慎醫，免禍患
問家宅，德宜修，行未至，孕有憂，凡謀事，勿貪求
[A3]流年：上半年平平，宜未雨綢繆，否則下半年就會出現逆境。
[B]事業：宜守不宜攻，最忌一意孤行。
[C]財富：靈籤暗示正財運不算太差，忌賭博，不貪不謀。
[D]自身：好好修養自己，小心言行。
[E]家庭：孝順父母，在家中要營造和諧氣氛。
[F]姻緣：今年內不是結婚的好時機。提防異性小人。
[G]移居：遠行有阻滯。旅行或搬遷小心人財安全。
[H]名譽：不要逞強，不要出風頭。
[I]健康：病向淺中醫，養病如養虎，慎之。
[J]友誼：小心擇友，勿受小人唆擺作出壞的嘗試。
[K]風水：多不合剪裁。
[L]遺失：原物恐難得。
[M]自身：修養乃平安。
[N]天時：風雨不合時。
[P]出行：靈籤暗示防小人口舌。"
"12","第十二靈籤：太白撈月","[A1]求籤吉凶：下下靈籤","[A2-1]算命籤詩：
蜃樓海市幻無邊 萬丈擎空接上天
或被狂風忽吹散 有時仍聚結青煙
太白，即唐朝大詩人李白。李白失意於官場，以詩酒為友。為人俠義豪放。醉翁撈月的故事，就是他做主角，獨個兒縱酒大醉，一向有求仙思想的李太白，望著水中的明月倒影，飄飄欲仙，竟伸手去打撈水中月。
[A2-2]黃大仙算命解籤詩：
海中蜃蛤吐氣如樓，高接到天，一有風來，便吹散矣。雖散而復聚，如煙之浮，不能長久也，此乃一片虛浮景象。求得此靈籤者，當行善以為根本，則可堅穩長久，事事不被人吹散，此靈籤凶多吉少，要防小人口舌，宜在當天作福吉。轉載自算命眼
海市蜃樓的虛假幻象，有花籃打水一場空的預兆，凶多吉少，此為下下靈籤。當行善務實為本份，勿被假象所引誘。
黃大仙算命解運勢：
病者險，財亦空，蚕與畜，亦無功，問謀望，事無終
婚不合，名未通，行未至，孕有凶，問家宅，未興隆
[A3]流年：凶險較多，且有虛浮的假環境。
[B]事業：宜守，不宜輕舉妄動，更勿與人合資經營。
[C]財富：是財散，人安樂格局，花費的同時，多做點善事。
[D]自身：時好時壞，做人要有自己的宗旨。
[E]家庭：家宅要慎防小人及意外。
[F]姻緣：夫妻、情侶之間，疑雲重重，要以坦誠相對。
[G]移居：來來往往，浪費時間金錢，而到頭來一無所獲。
[H]名譽：默默工作，默默行善，勿戀浮名。
[I]健康：反反覆覆，年內要防大病，小病也要見醫生。
[J]友誼：貴人幫不到，小人常加害，小心。
[K]風水：靈籤暗示假局不能發。
[L]遺失：靈籤暗示強求亦不得。
[M]自身：積善免禍侵。
[N]天時：事事不如意。
[P]出行：結尾必不利。"
"13","第十三靈籤：孟浩然尋梅","[A1]求籤吉凶：中平靈籤","[A2-1]算命籤詩：
嶺南初放一枝梅 片片晶瑩入酒杯
卻遇騎驢人早至 如意背負占春魁
孟浩然，唐朝著名詩人。早年隱居鹿門山，游歷東南各地，生活隱逸，與多座名山的僧道友善，常有來往，久有修道之意。
在宴梅道士山房一詩中有「忽逢青鳥俠，邀入赤松家」一句，反映孟浩然對赤松子的尊崇。
[A2-2]黃大仙算命解籤詩：
這支靈籤，是孟浩然在嶺南尋梅的際遇。把梅花花瓣放入酒中而飲，人生極雅樂之事。路上遇有騎驢人先來一步，在其引領，得償所願。轉載自算命眼
遇有貴人帶引，則事事如意矣，此靈籤半吉半凶，該簽雖無大礙，但似有被人占以先手之象，則逢吉變凶矣，解籤者要細思。
黃大仙算命解運勢：
宅平常，財難求，蚕禾造，不用憂，病未癒，行有郵
養六畜，慎之始，名難成，婚不利，孕生男，最歡喜
[A3]流年：梅傲雪凌霜，冬天以及春初，運氣較佳。
[B]事業：如無貴人，難成事。但與人共事，要提防他捷足先登。
[C]財富：求財較難，且要與人分。並要小心財物損失。
[D]自身：家宅平安，一切如常，無大起大落。
[F]姻緣：避免第三者介入，結婚宜揀冬季。
[G]移居：靈籤暗示出門多遇貴人，往南方北方皆宜。
[H]名譽：苦樂自知，勿望揚名。
[I]健康：很可能會有小病或慢性病，特別是氣管、皮膚。
[J]友誼：朋友運很奇怪，一是很能幫你，一是很想謀你。
[K]風水：靈籤暗示平常無損害。
[L]遺失：尋之亦可得。
[M]自身：積善愈精神。
[N]天時：寒暑皆合意。
[P]出行：善者多扶持。"
"14","第十四靈籤：蘇東坡醉酒","[A1]求籤吉凶：中吉靈籤","[A2-1]算命籤詩：
為愛幽閒多種竹 買春賞雨在茅屋
醉時臥倒杏花邊 怕聽鶯兒驚夢熟
蘇東坡，宋代文學家、詩畫家，在詩詞字畫中皆有卓越成就，被列入唐宋八大家。但仕途坎坷，曾多次被貶謫，亦曾來過廣東省惠州等地。晚年北還，歸隱，寄情於山水、詩詞、字畫。
[A2-2]黃大仙算命解籤詩：
靈籤描寫東坡歸隱的清雅生活：為了幽閒，在居所周圍種滿綠竹，把時間都交托給春天，或躲在茅屋里賞雨，或醉後眠在杏花旁邊，安然入夢鄉，最怕被黃鶯的歌聲吵醒。此乃安逸之象。轉載自算命眼
黃大仙算命解運勢：
名與利，莫貪取，行阻遲，病漸愈，問六甲，必生女
蚕與畜，微有利，問婚姻，少合意，宅平常，修德美
[A3]流年：並非十全十美，但也快活無愁。
[B]事業：工作愉快，事業無大發展。
[C]財富：衣食豊足，宜置業安居。
[D]自身：安樂，但要戒多言。
[E]家庭：家中有喜事，如生女，更好景。
[F]姻緣：夫妻或情侶之間，常有耍花槍式的小爭吵。
[G]移居：靈籤暗示旅游運很好，出入須防財物損失。
[H]名譽：不要爭於表現自己，讓別人慢慢發現您的好處。
[I]健康：身體會比去年較好，吃多些，睡多些。
[J]友誼：朋情廣闊，應酬較多，小心口舌是非。
[K]風水：美中微有。
[L]遺失：靈籤暗示小人頗難測。
[M]自身：安樂防口舌。
[N]天時：世事無全美。
[P]出行：防小人口舌。"
"15","第十五靈籤：明皇游月殿","[A1]求籤吉凶：上吉靈籤","[A2-1]算命籤詩：
仙槎一葉泛中流 月殿蟾宮任爾游
盈耳霓裳聲暫歇 酒詩吟飲幾時休
唐明皇，即玄宗李隆基，初登基時，整頓弊政，國民經濟得以發展，歷史上稱為「開元之治」，可惜後來耽於安逸，與楊貴妃風流快活，任由寵臣貪污舞弊，惹出「安史之亂」。
[A2-2]黃大仙算命解籤詩：
此靈籤只道繁華快活之象，唐明皇得一葉仙舟，扶搖直上九霄，遨游月宮，仙樂飄飄處處聞，傳說中，「霓裳羽衣曲」就因此而得，詩酒歌舞，無止無休。
求得此靈籤，雖有大吉大利之象，萬事如意，但要警惕勿太沉迷酒色安樂。轉載自算命眼
黃大仙算命解運勢：
病即安，蚕造勝，行人回，婚宜定，孕生男，家道盛
凡謀事，多吉慶，名與利，求則應，養畜生，有佳景
[A3]流年：好好把握這一年光陰，勿蹉跎歲月。
[B]事業：因得天時，謀事頗為順利。
[C]財富：錢財有極可觀的收入，偏財亦不俗。
[D]自身：快活無愁，但入秋後要多加自律。
[E]家庭：和睦幸福，有多宗值得慶祝的事。
[F]姻緣：夫妻感情更上一層樓。情侶可選秋季結婚。
[G]移居：極有移民機會，一切如有神助。
[H]名譽：功名有成就。但要避免桃色事件。
[I]健康：身壯力健，多運動，為未來健康打好基礎。
[J]友誼：貴人特多，而且有異性貴人，宜多結識事業上的良友。
[K]風水：靈籤暗示發財兼發丁。
[L]遺失：不久自然得。
[M]自身：平安又壯健。
[N]天時：萬事俱得利。
[P]出行：往來皆快意。"
"16","第十六靈籤：皇叔遇水鏡","[A1]求籤吉凶：中吉靈籤","[A2-1]算命籤詩：
天邊鴉背夕陽回 隴外兒童跨犢來
羌笛頻吹聲切耳 短長腔調樂何哉
劉皇叔，即劉備，偶遇水鏡先生，當時正值夕陽西下，天邊的群鴉紛紛回巢。山崗外，傳來了陣陣的笛子聲，原來是牧童騎著牛犢，優哉悠哉的返家。
牧笛的調子，忽長忽短，忽高忽低，很自由，很諧和，充滿了快樂。
[A2-2]黃大仙算命解籤詩：
日落山岡時候，天邊之鴉鵲歸巢，郊外的牧牛童子，亦騎牛而歸家，一路上吹得竹笛之聲充滿耳，此童子甚快樂也。
求得此靈籤者，既有快樂無求之意，又有大器晚成之象，凡事盡力而為，得失無愧於心，則凡事平穩無礙，不用憂心。即所謂盡人事，順天命，明天會更好。轉載自算命眼
黃大仙算命解運勢：
名與利，在晚成，婚可合，孕無驚，問行人，有歸程
若養蚕，晚造勝，問疾病，保安寧，謀望者，合心情
[A3]流年：無風無險，但有高潮低潮，運程成波浪形向好處走。
[B]事業：非困難重重，無太大成就，不斷努力，年尾會有收獲。
[C]財富：財運平平，宜節儉積蓄。
[D]自身：最宜為未來做一些實際工作。
[E]家庭：要敬愛老人家，這會增加福祚。
[F]姻緣：對配偶不要挑剔羅唆。未婚者不宜太早結婚。
[G]移居：移民運平平，年內亦不宜遷居。必要時就只有選在年尾。
[H]名譽：切戒年少氣盛，成名多在四十歲之後。
[I]健康：這方面絕對無大問題。
[J]友誼：靈籤暗示不要巴結權勢，宜在同輩中尋知已。
[K]風水：平穩亦無。
[L]遺失：細查亦可得。
[M]自身：平安無病來。
[N]天時：晴和如人意。
[P]出行：歸結有可喜。"
"17","第十七靈籤：月下追賢","[A1]求籤吉凶：中吉靈籤","[A2-1]算命籤詩：
秋水蒹葭白露盈 盈庭月色浸階清
清風吹動馬鈴響 響接晨鐘不斷聲
蕭何月下追賢，是漢代一個挽留人才的真實故事。蕭何佐輔劉邦建立帝業，名將韓信投靠劉邦，未獲重用，夤夜馳歸，蕭何知道後，立即策馬在月光下追韓信，曉以大義，勸其回心轉意，同建漢朝。
[A2-2]黃大仙算命解籤詩：
秋水蒹葭白露盈這兩句，是寫秋景，蒹葭，是荻草與蘆葦，凝結了霜露，月色滿階。轉載自算命眼
接著是清風中的馬鈴聲，然後是天亮的晨鐘聲，示意追得韓信回。此靈籤有失而復得，人盡其材之意。
黃大仙算命解運勢：
名可望，財不大，婚亦宜，病無害，蚕與畜，亦無礙
宅平常，行無阻，問六甲，求神助，謀望者，謹慎可
[A3]流年：年初平平，秋後會遇上賞識自己的貴人。
[B]事業：有表現自己才幹的機會，可考慮轉職。
[C]財富：正財不大，但偏財不俗，可在兼職中多動腦筋。
[D]自身：平安無大礙，不過，鋒芒不要盡露。
[E]家庭：家宅亦無不妥，切勿斤斤計較。
[F]姻緣：可能會出現茶杯里的風波，吃乾醋。
[G]移居：搬遷和移居外國，都有很好的機會。
[H]名譽：無謂追求浮名，多做實際工作。
[I]健康：雖無大礙，但要學習養氣養生。
[J]友誼：靈籤暗示可以遇上好知已。
[K]風水：平局皆無。
[L]遺失：尋之亦可得。
[M]自身：修善遇平安。
[N]天時：平常便可喜。
[P]出行：無補亦無傷。"
"18","第十八靈籤：杜鵑泣血動客心","[A1]求籤吉凶：下下靈籤","[A2-1]算命籤詩：
杜鵑啼血淚悲聲 聲怨霜寒夢乍驚
驚動異鄉為異客 客心更觸故園情
杜鵑，相傳為蜀帝杜宇所化，在「十三州志中」有這樣的記載：當七國稱王，獨杜宇稱帝於蜀，曰望帝。後來望帝委派一位叫做鱉冷的臣子去巫山治水而成功，望帝自覺才德不及鱉冷，乃委國鱉冷遂自亡去，化為子規。轉載自算命眼
[A2-2]黃大仙算命解籤詩：
子規，就是杜鵑。而杜鵑思念家國，聲聲啼泣，眼淚化成杜鵑花。異鄉客人，寒夜中被杜鵑啼聲驚醒，更加觸發鄉思。
此靈籤雖為下下，但小心謹慎，可逢凶化吉。
黃大仙算命解運勢：
蚕與畜，有損傷，孕有驚，婚不良，財難得，宅有殃
行人遠，未回鄉，問疾病，宜禱禳，若謀望，總不詳
[A3]流年：年內運程可能有較大反覆，特別是在春、秋兩季。
[B]事業：無大起色，打工比當老板好過一點。
[C]財富：求財難，更絕對無偏財，勿染指賭博。
[D]自身：多做事，少說話，慎防禍從口出。
[E]家庭：家人有別離之象，小心年老的病人。
[F]姻緣：爭吵頻繁，越吵運程越差。盡量忍。
[G]移居：即使可以移民移居，新環境亦不太好。
[H]名譽：易犯官非，切戒爭斗，否則身敗名裂。
[I]健康：病痛較多，特別留意心、肺、眼睛。
[J]友誼：在逆境認識真正的朋友。
[K]風水：靈籤暗示恐有損丁財。
[L]遺失：追尋亦難得。
[M]自身：運滯當要防。
[N]天時：風色多不美。
[P]出行：往來皆可憂。"
"19","第十九靈籤：伏羲畫八卦","[A1]求籤吉凶：中吉靈籤","[A2-1]算命籤詩：
乾卦三連號太陽 潛龍勿用第一章
其中爻象能參透 百福駢臻大吉昌
伏羲，即太昊，八卦的圖象，為他所創畫，並教化人民捕魚畜牧，改善生活。而八卦第一章，是乾卦，三連划，屬太陽，純陽無陰，唯智者不取。
[A2-2]黃大仙算命解籤詩：
求取此靈籤者，如果能領悟到其中爻象的道理，萬事順昌。純陽易傷的道理，隨時都發生在身邊，譬如做人怕蝕底，做一偏激，誰人敢與你合作。
凡事要看透各方面，不能死牛一面頸。光靠蠻、惡、霸氣者，終於會失敗。轉載自算命眼
黃大仙算命解運勢：
孕生女，病宜禱，名與利，遲乃到，蚕與婚，謹慎好
行人遲，歸有路，若謀望，勿輕躁，宅平常，積善補
[A3]流年﹔四季皆有小運，要順勢而知所進退。
[B]事業：開始時不大順利，需要耐力。
[C]財富：求財亦是先苦後甜格局。
[D]自身：平穩，但切勿意氣用事。
[E]家庭：家中宜營造一種良好的溝通氣氛。
[F]姻緣：對於配偶或情侶，要檢點一言一行，勿積怨。
[G]移居：可選擇近海或山之陰處，以調和陽剛之氣。
[H]名譽：戒浮夸輕狂，切勿出口傷人。
[I]健康：多吃新鮮蔬果，少飲酒，少食煎炸食物。
[J]友誼：當您沉得住氣，心境平和時，會有貴人接近。
[K]風水：壞處當更改。
[L]遺失：靈籤暗示求之勿心急。
[M]自身：和平無病生。
[N]天時：風雨及時宜。
[P]出行：火氣勿太猛。"
"20","第二十靈籤：雪梅招親","[A1]求籤吉凶：中平靈籤","[A2-1]算命籤詩：
天上仙花難問種 人間塵事幾多更
前程已注公私簿 罰賞分明濁與清
雪梅，是古時安南國公主。征聯招親。其上聯是「太極殿前三尺雪」，其國內竟無人識對。廣東有一位叫做黃華貴的，福至心靈，以「廣寒宮里一枝梅」對通，被招為附馬。
[A2-2]黃大仙算命解籤詩：
靈籤意是：天上廣寒宮里的這枝仙花，別問是誰種的，落得凡間，人事已經變更了。每個人的命運，已由上天注定，善惡到頭終有報應的。轉載自算命眼
黃大仙算命解運勢：
名與利，附之命，病審醫，婚未定，宅平安，要修省
孕與蚕，作福吉，行欲歸，難定日，若謀望，修善得
求得此靈籤，宜多種善作福，順應天時。
[A3]流年：年尾比年初好，因征聯中，最末二家為雪與梅。
[B]事業：寶物沉歸底，挨苦在先，享福在後。
[C]財富：命中有時終須有，命中無時莫強求。
[D]自身：靈籤暗示個人的禍福，是自己言行的報應。
[E]家庭：夫妻應相敬如賓，和氣生財。
[F]姻緣：靈籤暗示良緣天賜，尊重對方，會生活得更愉快。
[G]移居：有南移之象，可考慮往東南方發展。
[H]名譽：命中有功名，但會隨心朮增益或虧損。
[I]健康：年中會有小病，要小心求醫，勿亂自服。
[J]友誼：會結交意想不到的朋友，特別是異性朋友。
[K]風水：全憑心地發。
[L]遺失：求之終可得。
[M]自身：靈籤暗示禍福自己求。
[N]天時：隨我意轉移。
[P]出行：如修善可去。"
"21","第二十一靈籤：武則天賞花","[A1]求籤吉凶：中吉靈籤","[A2-1]算命籤詩：
天外紅霞如抹錦 檻邊桃杏斗新妝
盈眸煙熳誰居首 美酒頻斟且酌量
武則天，唐朝的女皇帝，是歷史上一個傳奇女子，在位時曾於冬殘春未到時，要欣賞百花，令百花仙子限時爭妍斗麗，還親自擊鼓催花。
[A2-2]黃大仙算命解籤詩：
這支靈籤是描述當時賞花情況，天邊的紅霞如織錦，門外的桃花杏花在爭艷，一邊品評著哪種花最美麗，一邊飲著美酒，真是人生樂事。轉載自算命眼
求得此靈籤，可望富貴平安。凡事有吉無凶，並必有意外財收獲也。若問自身之事，更可丁財兩發，諸事平穩之象也。
黃大仙算命解運勢：
名與利，莫躁求，行漸至，病漸癒，約婚綏，孕無憂
蚕與畜，要仔細，若謀望，躁則敝，宅將興，修善貴
[A3]流年：立春後，即有一番好景。其余日子，吉多凶少。
[B]事業：有意想不到的收獲，宜把握時機。
[C]財富：求財在春、冬二季較易，偏財亦不錯。
[D]自身：靈籤暗示要怡情養性，戒驕戒躁。
[E]家庭：家運開始轉好，漸入佳境。
[F]姻緣：宜在春天訂婚，初冬結婚。
[G]移居：移民的機會增大，留在目前的環境亦有新作為。
[H]名譽：切勿強求虛名，欲速反不達。
[I]健康：注意休息，凡事量力而為。
[J]友誼：朋情廣，應酬多，貴人亦多。
[K]風水：靈籤暗示小小發丁財。
[L]遺失：不久亦可得。
[M]自身：身體亦平安。
[N]天時：晴必多於雨。
[P]出行：子細亦有利。"
"22","第二十二靈籤：陳妙嫦思春","[A1]求籤吉凶：下下靈籤","[A2-1]算命籤詩：
秋水伊人各一方 天南地北恨偏長
相思試問憑誰寄 不盡淒涼枉斷腸
陳妙嫦，即陳姑，削發為尼後，凡心未息，常常思念以前的戀人。此為下下靈籤。
[A2-2]黃大仙算命解籤詩：
求得此靈籤，一來景況淒涼，二來因缺乏定力，患得患失，舉棋不定，難免一事無成。轉載自算命眼
秋水伊人，天南地北，各處一方，此恨綿綿無盡，滿腹相思，憑誰寄語，說不盡的淒涼，枉自痛斷肝腸。字字傷心。宜多作善福，有貴人扶持，才能出生天。
黃大仙算命解運勢：
孕不吉，病擇醫，宅蹇滯，行人遲，蚕與畜，費心機
名利無，婚不宜，若謀望，要待時，凡有事，當禱祈
[A3]流年：不太如意，阻滯多多。
[B]事業：若不專心致力於一事，就無所成就。
[C]財富：靈籤暗示小心破財。
[D]自身：勞心又勞力，終日營營役役，皆因未立大志。
[E]家庭：夫妻若互不信任，則家無寧日。
[F]姻緣：情人有分離之象，不宜嫁娶。
[G]移居：一動不如一靜，此心安處是吾鄉。
[H]名譽：切忌婚外情，勿戀已婚夫婦。
[I]健康：身體多病，皆因凡事看不開。
[J]友誼：小人從中作梗，有事應多找朋友商量。
[K]風水：運滯未能發。
[L]遺失：阻隔尋不得。
[M]自身：勞心未平安。
[N]天時：多不如人意。
[P]出行：去之必不利。"
"23","第二十三靈籤：盧生夢","[A1]求籤吉凶：中平靈籤","[A2-1]算命籤詩：
邯鄲一夢幻無邊 數載身榮是熟眠
換卻錦衣歸故里 睡醒還記在心田
邯鄲幻夢，即是黃粱美夢。故事發生在唐朝，有一個，叫盧生，在邯鄲旅店投宿，遇一姓呂道人，給他一個枕頭，睡在上面，發了一夢，享了幾十年繁華。夢醒時肚餓極，店主鍋中的黃梁還未煮熟呢。
[A2-2]黃大仙算命解籤詩：
這支靈籤提醒人們別相信幻象，要腳踏實地，欲想衣錦榮歸而又不是發白日夢，就要腳踏實地。轉載自算命眼
同時，亦有暗示，不要受騙，小心別人的甜言蜜語，糖衣炮彈。
黃大仙算命解運勢：
名與利，似虛花，婚不成，孕亦假，宅平常，行人賒
蚕小利，病未癒，謀望凶，徒咨嗟，速修善，實榮華
[A3]流年：年內有不少機會，宜好好把握。
[B]事業：大起大落，成拉據戰形勢。務實，堅忍，有好結果。
[C]財富：較難有積蓄，盡量節省無必要的花費。
[D]自身：不要被小小成功而沖昏頭腦。
[E]家庭：婚外的誘惑，會使您的運氣更壞。
[F]姻緣：戀愛像霧又像花，好好的，忽然又散了。
[G]移居：辛辛苦苦做的計划，忽然間遇上大阻力。
[H]名譽：克制虛榮心，學習贊美別人，會令自己謙遜。
[I]健康：男性易患神經衰弱，女性易患暗病。
[J]友誼：朋友口頭講得好，但沒有太多實質幫助。
[K]風水：靈籤暗示無空有局。
[L]遺失：尋之空費力。
[M]自身：暗病恐有之。
[N]天時：似好而實非。
[P]出行：得之恐復失。"
"24","第二十四靈籤：白居易歸隱","[A1]求籤吉凶：下下靈籤","[A2-1]算命籤詩：
詩酒琴棋可解愁 座中無客樂難休
或彈或唱誰知美 冷飲雖多亦是憂
白居易，唐朝大詩人。才情絕倫，但官運並不亨通，這支籤的意景，在白居易著名作品琵琶行中亦有出現過，「其間日暮聞何物，杜鵑啼血猿哀鳴。」
[A2-2]黃大仙算命解籤詩：
春江花朝秋月夜，往往取酒還獨傾。詩酒琴棋當然可以解愁，但是無伴，又怎能行樂呢？自彈自唱誰來欣賞？獨自飲酒，既冷淡又哀愁。轉載自算命眼
此乃下下靈籤，宜多修身。雖處於順境，而未免有憂愁，急宜廣結善緣，務使善與人同。則應求多而無憂愁矣，蓋此靈籤凶多而吉少，宜在社壇作福吉。
黃大仙算命解運勢：
財與貴，忌貪謀，孕不吉，婚莫求，行人滯，病未癒
問謀望，恐惹愁，蚕與畜，亦可憂，論家宅，德宜修
[A3]流年：事運多阻滯，尤其在秋季。
[B]事業：小人特別多，而自己的計划，也要檢討是否過於保守。
[C]財富：勿吝嗇錢財，好好享受一下，最好與別人分享。
[D]自身：本來個人運程已稍差，再加上意志消沉，就更壞了。
[E]家庭：試試對家中親人展開笑顏，家運會好一些。
[F]姻緣：在改變處事做人的消極態度之前，追求異性多不能成功。
[G]移居：有搬遷及移民的機會，但新環境亦未必如意。
[H]名譽：人際關系搞不好，最好能嘗試改變形象。
[I]健康：常有小病，秋天防大病。
[J]友誼：要沖出自我的封鎖，擴大社交圈子。
[K]風水：砂水不灣抱。
[L]遺失：尋之無人力。
[M]自身：修善免憂愁。
[N]天時：無雨亦可憂。
[P]出行：去之惹禍愁。"
"25","第二十五靈籤：朱洪武登基","[A1]求籤吉凶：上吉靈籤","[A2-1]算命籤詩：
群山擾擾朝中岳 有似與臣列鵲班
拱立兩行齊整肅 自居此地豈無歡
朱洪武，明太祖朱無璋，少年時曾在皇覺寺出家。幼時家貧，放牛以補家計，曾與一群牧童登上嵩山說：他日我若為皇帝，群臣就像群山一樣，向我拱立朝拜。
後來朱無璋建立明朝，果然尊五岳為神。五岳：東岳泰山、南岳衡山、西岳華山、北岳恆山、中岳嵩山。
[A2-2]黃大仙算命解籤詩：
此靈籤有位高得意之象，群山紛紛向中岳朝拜，好象臣子列班，整齊又嚴肅，居此位置，怎能不開心呢？若求得此靈籤者。必得事事如意，步步高昇也。 轉載自算命眼
黃大仙算命解運勢：
名與利，求必應，病遇醫，藥有靈，行人回，家道盛
孕生男，婚可訂，畜與蚕，造造勝，問謀望，往有慶
[A3]流年：大吉大利，多年的願望極可能在最近實現。
[B]事業：更上一層樓，做生意會有新發展，做工的將會升職。
[C]財富：財運很好，而且有多條財路。
[D]自身：事事順意，貴人多。
[E]家庭：家庭多快樂，小心勿沾婚外情。今年有添丁機會。
[F]姻緣：今年最適合結婚。
[G]移居：東南西北，四方皆有好出路。
[H]名譽：能幫助別人，將會得到更大善果。
[I]健康：即使有小病，立等可除。
[J]友誼：可望結交另一個層面的新朋友。
[K]風水：靈籤暗示此地必發貴。
[L]遺失：求之可以得。
[M]自身：積善大吉昌。
[N]天時：風雨皆應期。
[P]出行：處處有貴人。"
"26","第二十六靈籤：徐庶歸家","[A1]求籤吉凶：中平靈籤","[A2-1]算命籤詩：
花彩遲遲侵砌上 遙知月鏡挂長空
忽聞鶴唳聲淒切 早買歸舟返里中
徐庶，三國時代一個杰出的政治家、軍事家，與孔明是好朋友。本來，徐庶是有心輔佐劉備建立帝業的，但曹操卻利用徐庶母親來作為人質，使徐庶改變初衷，返回家鄉，落入曹操手中。
[A2-2]黃大仙算命解籤詩：
徐庶離開劉備時，走馬薦諸葛亮，極力推崇孔明。徐庶歸家後，被徐母大罵他上了曹操的當。孝義兩難存，徐庶在曹操手下做官，始終是身在曹營心在漢。轉載自算命眼
此靈籤是描述徐庶被曹操放假後，思念母親，歸家心切之情。此靈籤吉中有凶，但逢凶亦可以化吉，知趨避便無礙，宜防小人是非口舌。
黃大仙算命解運勢：
一見凶，即收手，謀望事，看時勢，早修功，遲必敝
有病者，早積功，問家宅，亦相同，行將歸，孕有驚
[A3]流年：上半年不錯，但下半年就逐漸走下坡。
[B]事業：工作和生意都算過得去，但常有不愉快的事發生。
[C]財富：正財運有，但不太大。投資賭博要小心。
[D]自身：檢點一言一行，使上半年運更好，下半年運不算太差。
[E]家庭：家中的老人，可能會生病。亦不宜今年生育。
[F]姻緣：靈籤暗示最好將婚期押後至明年。
[G]移居：有移居的機會，有意者，宜把握。
[H]名譽：不喜歡浮名的，名譽找上門來。刻意追求的，卻得不到。
[I]健康：四肢五臟無大礙，但容易精神緊張。
[J]友誼：有助朋友成功的運氣，何不珍惜這機會？
[K]風水：靈籤暗示見凶即要避。
[L]遺失：難得莫強求。
[M]自身：修善可安身。
[N]天時：好不能到尾。
[P]出行：到底要知機。"
"27","第二十七靈籤：越王復國","[A1]求籤吉凶：中平靈籤","[A2-1]算命籤詩：
天晴粉蝶翻衣晒 又看庭前蟻陣排
隊伍整齊趨或退 時開時合思何佳
這支籤，用蝶蟻知時，來比喻越王勾踐復國的苦心和知機，凡事要順時順勢，順其自然，則較易成功。天晴時，粉蝶就會把被雨露沾濕的衣服來晾晒。轉載自算命眼
當天氣炎熱，暴風雨來臨之前，螞蟻就會排列成行，整齊地前進或後退，隊形時開時合。
[A2-2]黃大仙算命解籤詩：
人與物同，各得其意，便是快活。求得此靈籤者，自己不妨仔細思考其中哲理，可以得到莫大的啟示。
黃大仙算命解運勢：
財微有，宅平常，婚可合，孕無妨，蚕與畜，亦無傷
病可醫，行歸遲，問謀望，要觀時，進與退，要知機
[A3]流年：較為平穩，但入冬要提防小人。
[B]事業：知所進退，不宜做得太過。
[C]財富：每一個錢都是勤勞所得，莫貪橫財。
[D]自身：心安理得，平安。
[E]家庭：家運在融洽祥和氣氛下，向更好處上升。
[F]姻緣：可能有多個選擇，寧取踏實勤奮的。
[G]移居：遷移的運勢很強，可小心進行。
[H]名譽：在點滴進取中，獲得他人尊敬。
[I]健康：無大礙，四季注意湯水補養，更佳。
[J]友誼：很容易找到志同道合者。
[K]風水：靈籤暗示平穩無防。
[L]遺失：或可以尋得。
[M]自身：出入亦平安。
[N]天時：風雨合人意。
[P]出行：去之亦無防。"
"28","第二十八靈籤：白居易聽琵琶","[A1]求籤吉凶：中平靈籤","[A2-1]算命籤詩：
船泊潯陽月夜天 琵琶一曲動人憐
相思兩地憑誰寄 白雪摧人上鬢巔
白居易在潯陽江頭夜送客，在船上聽到悅耳的琵琶聲，尋聲訪問，得見一失意女子，「同是天涯淪落人，相逢何必曾相識」，白居易有感於自己的落泊與琵琶女的遭遇，寫成了著名的長詩琵琶行。
[A2-2]黃大仙算命解籤詩：
這又是一支與唐朝詩人白居易有關的靈籤，不過，這是中平，而第廿四籤是下下。區別是，廿四籤失於孤單﹔這支則屬中平，因為，總算有片刻的歡娛。轉載自算命眼
這靈籤中雖有快活，但極短暫，宜修身，忍守。雖無大礙，亦無歡喜之處，凡事亦凶多而吉少也。
黃大仙算命解運勢：
功名無，求財難，行未至，宅艱辛，問婚姻，非美婦
孕生女，病遲癒，蚕與畜，得利微，凡謀望，無可取
[A3]流年：年內雖然間中有小小好環境，但大運未開。
[B]事業：宜守不宜攻，有貴人而助力不大。
[C]財富：今年求財較為艱難，應盡力節儉。
[D]自身：謀事切勿多言，言多必失。
[E]家庭：家中常有小麻煩，小心化解，勿讓其擴大。
[F]姻緣：不要追求對方的外表，特別留意其內心世界。
[G]移居：出國或遷居，環境均不理想，最好暫且不要考慮。
[H]名譽：靈籤暗示無功名可求。
[I]健康：小小的病痛，也會造成較長時間的困擾。
[J]友誼：在患難中，才發現真正友誼。
[K]風水：失運未能發。
[L]遺失：尋之亦不得。
[M]自身：修善可平安。
[N]天時：世情無可喜。
[P]出行：歸結恐不美。"
"29","第二十九靈籤：張翰思鱸","[A1]求籤吉凶：中吉靈籤","[A2-1]算命籤詩：
鱸魚作膾菊花黃 美酒盈樽近晚涼
泛棹正當潮上候 這般往景樂無央
張翰，晉代吳郡人，有識之士，曾被齊王召為大司馬，當時政局紛亂，張翰不欲卷入政治旋渦，於是托辭秋風起，思念故鄉的鱸魚、菊花，辭官歸故里。
[A2-2]黃大仙算命解籤詩：
此靈籤雖只屬中吉，但知足者求得，一定有很愉快的日子，凡事平穩無礙，是安樂也。轉載自算命眼
鱸魚作膾，膾就是魚生，有黃菊、美酒相伴，在秋高氣爽的黃昏，泛舟在漲潮的湖上，試想一想，這樣的良辰美景賞心樂事，還有什麼憂愁。
黃大仙算命解運勢：
名可望，人發財，婚姻合，行人回，問六甲，必男胎
蚕與畜，美利來，宅平穩，病無災，謀望事，任取裁
[A3]流年：雖無大富大貴，勝在平安，尤其秋後更佳。
[B]事業：進可攻、退可守，但求心之所安。
[C]財富：在您不太刻意去追求時，它悄悄來了。
[D]自身：大致平穩，即使有什麼事，立秋後也可解決。
[E]家庭：一家人樂也融融，年尾有添丁之喜。
[F]姻緣：蜜運很好，感情進展有可喜的突破。
[G]移居：用團聚為理由，會較容易取得移民權。
[H]名譽：自然而來，不怕您不要，只怕您推不了。
[I]健康：保持心境開朗，注意消化系統保養。
[J]友誼：在這一年中，有很多次與遠方親朋歡聚的機會。
[K]風水：靈籤暗示丁財兩字穩。
[L]遺失：尋之得原物。
[M]自身：交秋亦平安。
[N]天時：交秋更可喜。
[P]出行：一路都順利。"
"30","第三十靈籤：貴妃自縊","[A1]求籤吉凶：下下靈籤","[A2-1]算命籤詩：
傾國傾城媚百生 六宮粉黛盡無名
馬嵬山下魂飛去 至今明皇長恨情
唐明皇因終日與楊貴妃享盡驕奢淫樂，荒廢朝政，惹來安祿山兵變，京師有危，六軍保駕往四川方向撤退，行至馬嵬坡，將士忽然不肯再行，一定要唐明皇先處死楊貴妃。
在無可奈何之情勢下，一代絕色的美人在君皇掩面不忍卒睹時，自縊而死。轉載自算命眼
[A2-2]黃大仙算命解籤詩：
此靈籤為下下，求得者能引以為戒，仍可避凶。因楊貴妃死後，在天上與唐明皇相見。靈籤首兩句，寫楊貴妃國色天姿，風流得意時。靈籤後兩句寫死後與唐明皇長相思。
黃大仙算命解運勢：
宅受劫，求財難，行不歸，病未安，蚕與畜，皆不到
婚不成，孕恐墮，謀望凶，事多礙，凡有事，當祈禱
[A3]流年：大致不太好，凡事見好即收。
[B]事業：做事要處處設防，防人防己，戒驕戒貪。
[C]財富：難望有什麼可觀收入，宜穩守。
[D]自身：常有虛假佳景，在快樂時潛伏危機，要步步為營。
[E]家庭：夫妻感情很好，但與其他家庭成員相處時，要注意檢點。
[F]姻緣：愛情會有多次考驗，要抗拒第三者的誘惑。
[G]移居：勿主動遷移，但要小心。
[H]名譽：小心緋聞令您名譽地位受損。
[I]健康：靈籤暗示注意切勿沉迷酒色。
[J]友誼：較容易為別人妒忌，不要在朋友面前出風頭。
[K]風水：丁財俱恐退。
[L]遺失：尋之無可得。
[M]自身：運滯實艱辛。
[N]天時：淒涼實可悲。
[P]出行：不吉實難言。"
"31","第三十一靈籤：蔡中興遇險","[A1]求籤吉凶：下下靈籤","[A2-1]算命籤詩：
狂風驟雨打船篷 溪畔桃花盡落紅
驚醒漁翁春夢熟 持篙撐去失西東
蔡中興，北宋人，在福建泉州當官時，修建洛陽橋，凡事親力親為。洛陽橋工程宏大，以當時的建筑技朮而言，實在是奇跡，傳說中有神仙幫助。
[A2-2]黃大仙算命解籤詩：
這支靈籤是說蔡中興晚上乘船視察工程時，忽然遇險。狂風驟雨，吹打著船篷，河邊的桃花，都被吹落了。轉載自算命眼
驚醒了船上的漁翁，慌忙中，水流湍急，不辯南北西東。此為下下靈籤，恐有驚險之象。
黃大仙算命解運勢：
財耗散，孕有驚，宅不吉，病未寧，畜與蚕，得利輕
行人遠，無歸程，問婚姻，不可成，若謀望，勿妄行
[A3]流年：有凶險，宜提高警覺，凡事要集中精神。
[B]事業：常檢討手上的工作，提防措手不及。
[C]財富：散財格局，可主動作公益，多積福。
[D]自身：有麻煩，易惹官非，勿與人爭訟。
[E]家庭：家中會有不如意事，要多依靠雙親及配偶。
[F]姻緣：愛情來到十字街頭，茫無頭緒。
[G]移居：靈籤暗示出門要小心，乘搭交通工具要儆醒。
[H]名譽：今年要踏實勤奮，戒出風頭。
[I]健康：平日要增強體質，有病立即見醫生。
[J]友誼：雖然朋友很多，但有難時，幫不了大忙。
[K]風水：受煞有損害。
[L]遺失：無路尋不得。
[M]自身：身子不常安。
[N]天時：靈籤暗示禍來宜閃避。
[P]出行：去之總不宜。"
"32","第三十二靈籤：蘇武牧羊","[A1]求籤吉凶：中平靈籤","[A2-1]算命籤詩：
十九年前海上辛 節旄惆敗逐沙塵
餐毛嚼雪誰憐我 惟有羊兒作伴群
蘇武，漢代的一位忠臣。武帝派他出使匈奴，被番王單於拘留，威迫利誘，要他變節投降，蘇武不屈，被放逐北海牧羊，所牧者皆公羊，番王下令，除非他回心轉意，又或者公羊能產子，才能獲釋。
[A2-2]黃大仙算命解籤詩：
蘇武飲雪吃草籽，在風雪中挨了十九年，才得以還鄉。獲宣帝賜爵關內侯。籤文道盡蘇武牧羊的艱辛，十九年如一日，天天緊握漢朝的使節杖牧羊，最後連節杖旗旄也被風吹去才得還鄉。
求得此靈籤必要立心忠直，隱忍受苦，凡事有神助，化凶為吉。以蘇武之忠，隨後終得歸漢為官也，就靈籤而論，凡事極其辛苦，但到底可達目的。
黃大仙算命解運勢：
財難求，名不遂，行歸遲，宅運滯，問謀望，事難濟
畜與蚕，宜仔細，問六甲，當禱神，病修善，免痛苦
[A3]流年：仍在艱辛掙扎中，要意志堅定。
[B]事業：無論您在創業還是守業，都不要受外界影響。
[C]財富：求財甚難，要堅持。轉載自算命眼
[D]自身：凡事忍耐，多作福，多做公德。
[E]家庭：家運阻滯多，提防小人從中作梗。
[F]姻緣：是愛情備受考驗的一年。婚事過了這個冬天再說。
[G]移居：有搬遷之機會，往南方比往北方為佳。
[H]名譽：大器晚成，勿追求急功近利。
[I]健康：靈籤暗示常有小病，但無傷大雅。
[J]友誼：當您感到孤寂時，不妨主動去找尋舊日朋友。
[K]風水：地運當塞滯。
[L]遺失：求之亦難得。
[M]自身：作福可免病。
[N]天時：靈籤暗示憂勞恐不止。
[P]出行：去之總不利。"
"33","第三十三靈籤：孔明借東風","[A1]求籤吉凶：中平靈籤","[A2-1]算命籤詩：
算命籤詩：
曹操雖有深謀計 智慧難瞞諸葛侯
試看東風都可借 更能流馬木成牛
三國時期，孔明是劉備的軍師、丞相，在與奸雄曹操抗衡中，曾多次運用智謀，把曹操打得落花流水。
[A2-2]黃大仙算命解籤詩：
籤中所講，只是其中兩個代表作，一是孔明借東風，火燒赤壁﹔
二是發明了木牛流馬這種運輸工具，運送糧草補給。曹操有陰謀詭計，但也難勝過諸葛亮的智慧。轉載自算命眼
求得此靈籤者，事無大小，都要心存正義，切勿自欺欺人，做事光明正大，才可以遠離小人。凡事不利，要防小人是非口舌，如立心光明正大，化凶為吉也。
黃大仙算命解運勢：
宅平常，財難有，蚕與畜，慎看守，孕與病，禱神佑
問婚姻，非吾偶，行人歸，要遲久，謀望事，恐難就
[A3]流年：這一年的運氣很特別，時常有突發事件打亂原來計划。
[B]事業：並不太穩定，凡事必須親力親為。
[C]財富：有大財機會，但要把握時機，靠實力與膽色去爭取。
[D]自身：靈籤暗示要心存正義，光明正大。
[E]家庭：爭吵極多，必須公平理智地去處理。
[F]姻緣：最好勿在今年結婚，除非兩人有足夠信心。
[G]移居：雖有搬遷機會，但要小心財物。
[H]名譽：在處事待人中，讓別人發現自己的才智與毅力。
[I]健康：有病時，莫遲緩，要找醫生檢查。
[J]友誼：在朋友中，有人對您並不太忠實。
[K]風水：靈籤暗示難以發丁財。
[L]遺失：難以得原物。
[M]自身：略有不平安。
[N]天時：難以測天機。
[P]出行：亦恐有不美。"
"34","第三十四靈籤：虞舜耕田","[A1]求籤吉凶：中吉靈籤","[A2-1]算命籤詩：
大舜雖耕在歷山 心常孝順兩囂頑
田中之象同家象 善惡分明即此間
舜，中國古代的一位部落聯盟領袖。大舜，是尊稱。
[A2-2]黃大仙算命解籤詩：
這支籤，有孝感動天的含義。大舜雖然在歷山這地方耕地，但心里很挂念家中的父母，最難能可貴的，是這兩位老人家，都是較為盲塞固執的，而大舜事親最孝順。轉載自算命眼
兩老在大舜工作期間，時常因爭吵而要大舜趕回家中去排解。幸而所養的大象，感於大舜的善良，都很聽話，幫助他耕種及處理家務。
黃大仙算命解運勢：
蚕與畜，善則勝，欲求財，善乃來，謀望吉，善乃得
孕有喜，善所致，結婚姻，善為親，行可以，又可思
[A3]流年：平安中有不少好機會。
[B]事業：凡事盡力而為，可以考慮轉職或創新業。
[C]財富：財來自有方，無須刻意去追求。
[D]自身：與人為善，不貪不妄，戒驕戒躁。
[E]家庭：家和萬事興，當孝順父母。
[F]姻緣：會找到情投意合的良伴，今年宜婚。
[G]移居：有很好的機會，而且，父母可以幫大忙。
[H]名譽：容易得到別人的信任和賞識。
[I]健康：身體本該無大礙，但偶有損傷。
[J]友誼：樂於助人，人亦樂於接近您。
[K]風水：靈籤暗示福人留福地。
[L]遺失：當盡人事尋。
[M]自身：積善得平安。
[N]天時：善者天祐之。
[P]出行：去之亦可喜。"
"35","第三十五靈籤：唐僧取經","求籤吉凶：中吉靈籤","算命籤詩：
天將降任此其人 筋骨先勞苦彼身
莫謂佳景來可易 貧窮富貴有前因
唐僧，即唐三藏，本姓陳，法號玄奘，唐人高僧，曾往印度研習佛經，十余年後返國，全心致力譯經，凡一千三百三十五卷。他取西經的艱辛故事，在民間流傳甚廣，最膾炙人口的是西游記。
黃大仙算命解籤詩：
這支靈籤是先苦後甜，凡事要盡心盡力之意。上天要人做大事，首先要令他筋骨辛勞，心腦受苦，甚至還要挨餓。千萬別以為好景是天上掉下來的。每一個人今天享福或挨窮受苦，都是有前因的。轉載自算命眼
黃大仙算命解運勢：
名與利，求實難，蚕與畜，盡力看，病漸癒，婚有緣
論家宅，要積德，謀望者，當審擇，問行人，難揣測
[A3]流年：先苦後甜，每一天都有新的挑戰。
[B]事業：事業型的人，求得此籤，可以放心盡力去創一番大業。
[C]財富：勿急功近利，宜放長眼光，勿貪橫財。
[D]自身：常有小波折，心定志堅，可平安過渡。
[E]家庭：積善之家有余慶，莫為無謂小事爭吵。
[F]姻緣：遇上有緣人，可在秋後結婚。
[G]移居：有搬遷機會，宜取向西。
[H]名譽：真才實料，人多敬佩。
[I]健康：多運動，多食蔬果，身體更好。
友誼：不妨擴大社交圈子，大有機會與外國人交往。
風水：靈籤暗示時到自然發。
遺失：尋之宜勉力。
自身：修善得平安。
天時：豐耗無定期。
出行：進退當慎之。"
"36","第三十六靈籤：薛平貴歸家","求籤吉凶：中吉靈籤","算命籤詩：
此事真如到岸船 何憂風水不相全
舉頭便見前村落 屋角斜陽渺已煙
唐朝時，王丞相拋繡球招親，王家小姐寶釧意屬薛平貴，於是，繡球便落在他身上，唯王丞相嫌平貴寒微，有反悔之意。
幸寶釧情比金堅，寧願放棄富貴，下嫁到平貴的寒窯，雙宿雙棲。婚後不久，平貴從軍征戰，而寶釧則獨守寒窯。
黃大仙算命解籤詩：
這支靈籤是平貴在軍中建立戰功，得意回窯，與妻子寶釧重逢的好景──眼前的事，就好像船靠岸，還愁沒有風景？轉載自算命眼
抬頭見到前面的村屋，在夕陽里升起陣陣的炊煙。心安快樂，無憂無慮，求得此靈籤者，事事平穩，有吉無凶。
黃大仙算命解運勢：
名利就，兩相全，孕無礙，病漸癒，宅有福，行人旋
蚕有利，婚可聯，問謀望，有機緣，六畜吉，宜向前
流年：由年初到年尾，運勢一天比一天好。
事業：定一個可行而又遠大的計划，然後逐步進行。
財富：財來自有方，偶然遇上小困難別擔心。
自身：逢凶化吉，處處有貴人扶持。
家庭：夫妻恩愛，互相有助運作用。
姻緣：有還情人終成眷屬，最好勿從經濟角度衡量對方。
移居：有鳥倦知還跡象，移民了，很可能再回來。
名譽：靈籤暗示名成利就，獲得別人贊羨。
健康：困擾多時的病痛，在注意休息後漸愈。
友誼：朋友能互相幫助，有異性貴人。
風水：靈籤暗示丁財漸漸來。
遺失：尋之將可得。
自身：靈籤暗示出入皆平安。
天時：風雨俱合意。
出行：往來皆可喜。"
"37","第三十七靈籤：東坡游赤壁","求籤吉凶：上吉靈籤","算命籤詩：
月夜秋江下釣鰲 魚形恰似四腮鱸
家藏舊釀堪盈斗 與友飛觴盡倒壺
蘇東坡雖然官運並不太好，但勝在名士風流，交游廣闊，寄情於山水之間，對著良辰美景，與知己詩酒唱酬，亦人生一樂事。蘇東坡游赤壁，寫下了傳誦千古的大江東去一詞。
黃大仙算命解籤詩：
這支靈籤記述蘇東坡游赤壁的賞心樂事，秋月照在江水，與好朋友泛舟垂釣，居然釣到極品四腮臚，所以把家藏的舊酒拿出來，與大家分享，共度這段歡樂時光。轉載自算命眼
有一斗家藏舊酒，與好友共斟同飲，此乃快樂優遊之景象也，若求得此靈籤者，所謀順遂，百事皆順，處處順利。
黃大仙算命解運勢：
婚姻合，家宅興，病必癒，利即盈，蚕桑美，畜養成
問六甲，有子生，問行人，有歸程，論謀望，百事享
流年：有天時、地利、人和、可以樂觀。
事業：常有意外的收獲，最宜與人合作。
財富：既要懂得賺錢，也要懂得享受人生。
自身：快快樂樂，無憂無愁。
家庭：家運興隆，但要鼓勵後輩學業。
姻緣：今秋結婚是個好主意。
移居：遷居運勢很強，到新地方有更好環境。
名譽：最好能保持謙遜、隨和。
健康：無病無痛，但莫飲過量之酒。
友誼：在旅行時會結識有趣的新朋友。
風水：靈籤暗示富貴兼丁財。
遺失：尋之即可得
自身：無病兼發達。
天時：靈籤暗示豐稔大可喜。
出行：到處皆合意。"
"38","第三十八靈籤：陶淵明辭官","求籤吉凶：中吉靈籤","算命籤詩：
歸去來兮仕官閉 室堪容膝亦為安
南窗寄傲談詩酒 倚杖徘徊飽看山
晉朝，陶淵明不為五斗米而折腰，辭官不幹，返鄉下享其清福。
過著歸隱的生活，他為此而寫的歸去來辭，就是這支靈籤的含義。
黃大仙算命解籤詩：
歸去來兮，做官有什了不起？回到我簡陋的家園，雖然家居窄小，也覺得安樂無比。倚著南窗，寄托我的傲氣，與知己把酒談詩。轉載自算命眼
執杖登高，到處行腳，飽覽山林美景。求得此靈籤，樂得清靜，有吉無凶。
黃大仙算命解運勢：
名不成，財漸至，畜與蚕，微微利，婚不合，孕生女
病可醫，行人至，問謀望，要知機，宅平安，修善美
流年：靈籤暗示平穩而已，既無大喜，亦無大憂。
事業：今年並非謀事之年，最好暫且勿開展新計划，宜穩守。
財富：不要奢望有急財，但收入穩定，冬後求財較易。
自身：很優悠寫意的一年，有機會學習一門自己喜歡的新技能。
家庭：和諧愉快融洽，如家人有孕，產女機會較高。
姻緣：戀愛像捉迷藏，你急時對方不急，對方急時你又不急了。
移居：到處楊梅一樣花，一動不如一靜。
名譽：靈籤暗示常有小人背後中傷，千萬別出風頭。
健康：多運動，養好身體，等待轉機。
友誼：新朋友很多，但都不是事業型的。
風水：靈籤暗示平穩無防。
遺失：尋之或可得。
自身：修善自平安。
天時：平局無大喜。
出行：總要曉當避。"
"39","第三十九靈籤：夷齊讓國","求籤吉凶：中吉靈籤","算命籤詩：
夷齊不忍食周粟 兄弟心甘采蕨餐
讓國名應垂萬古 可憐餓倒首陽山
伯夷與叔齊，商朝孤竹君的兩個兒子。孤竹君廢長立幼，死後立叔齊為繼承人，但叔齊卻堅決要讓給哥哥，伯夷也拒絕接受，結果，兩人放棄做君王的機會，先後逃到周國。
黃大仙算命解籤詩：
周武王代紂，伯夷叔齊叩馬諫阻，周王滅商後，兩人恥食周粟，逃到首陽山，采薇蕨野草充飢，最終餓死。伯夷叔齊一向都被知識分子崇拜，為高尚節氣的榜樣。轉載自算命眼
求得此靈籤者，卻屬於吉中有凶，有失運的隱憂。首當立一點善心，隱忍受苦，先難而後易也，此靈籤吉中有凶，宜慎之。
黃大仙算命解運勢：
婚不宜，財難得，畜與蚕，宜勉力，宅平安，病險極
問六甲，無喜色，問行人，無阻隔，若謀望，少合适
流年：本來有不少機會，但由於未能把握而失去。
事業：宜采取“騎牛牽馬”對策，穩打穩扎。
財富：極難有財運，但常有偏財，可考慮兼職。
自身：有很多麻煩事纏身，每日的事情每日要解決。
家庭：家中有人可以幫您一把力。
姻緣：靈籤暗示今年最好別考慮結婚。
移居：別存僥幸心理，除非新環境一定會好，否則宜守舊。
名譽：不要意氣用事，在名利場上有很強的對手。
健康：年中可能有病，小心腸胃。
友誼：損友較易為害您，凡事多與家人商量。
風水：靈籤暗示運滯未能發。
遺失：難得回原物。
自身：失運恐難辛。
天時：有事亦難知。
出行：去之恐不利。"
"40","第四十靈籤：伯才碎琴","求籤吉凶：下下靈籤","算命籤詩：
人世知音能有幾 碎琴都為子期亡
墳前洒盡千行淚 隔別陰陽各一方
春秋時，出了一位杰出的琴師伯才，他有一位知音，就是鐘子期。可惜鐘子期比伯才先離開這世界。
伯才悲痛不已，把心愛的琴摔得粉碎，哭著在墳前說：世上只有子期才領會我的琴意，子期死了，陰陽相隔，天各一方，彈琴還有什麼意思呢！從此真的不再彈琴了。
黃大仙算命解籤詩：
俞伯牙擅彈琴，鍾子期死，伯牙以世上無幾人能知音。將琴破碎不復再彈琴，從此陰陽相隔灑淚墳前。此痛恨之象也，求此靈籤者，必要謹慎，宜多行善事，乃能化凶為吉。轉載自算命眼
此靈籤為下下，既有悲痛之象，百事不利，亦有失友失物之意，暗示本身的才華無人賞識。求得此籤者，宜平心靜氣，修身力學，退守一段時間，再待勢復出。
黃大仙算命解運勢：
行阻滯，病留連，孕不吉，婚無緣，蚕與畜，少利錢
求財空，慎著鞭，謀望事，勿向前，宅修德，乃安然
流年：不利，忌吊喪。探病亦要仔細擇日。
事業：停滯不前，外界環境不好，要靠自己努力。
財富：要慎防破財失物，切勿投機賭博。
自身：常有突然而來的麻煩，要憑定力去化解。
家庭：家中的風水，大有改善之必要。
姻緣：雖遇有情人，但今年無緣結合。
移居：移民暫無進展，搬遷有機，但要小心。
名譽：退一步，海闊天空，做人勿太執著。
健康：四肢會有小毛病，如有神經衰弱，一定要開解自己。
友誼：靈籤暗示朋友難幫您，卻易連累您。
風水：靈籤暗示失運恐有害。
遺失：尋之亦不得。
自身：多事恐傷神。
天時：可憂無可喜。
出行：去亦無一利。"
"41","第四十一靈籤：張騫獲寶石","求籤吉凶：中吉靈籤","算命籤詩：
浮槎月夜到天河 曾見天姬織錦梭
石得支機人罕識 那知此寶出雲窩
張騫，漢朝，曾多次出使西、北鄰國，對於文化、經濟交流有很大貢獻。張騫通西域，有歷史記載。玉門關外的寶石、音樂、葡萄，就是由他傳入中原的。
黃大仙算命解籤詩：
這支靈籤是說張騫月夜泛舟，來到天河，見仙女在織錦，他悄悄地取去織機上的一塊石頭而歸，回到凡間才知道原來是寶石！轉載自算命眼
求得此靈籤，有福自然來，而且又有身在福中不知福之象。凡事吉祥，請勿擔心。當力行方便，善與人同，自有貴人來賞識矣，難得之寶而我獨得之，吉祥也。
黃大仙算命解運勢：
婚可合，行將至，問養畜，亦得利，孕生女，病可祈
宅無礙，積善宜，求財者，亦合時，謀望事，當勉力
流年：適合謀事的一年，年底有意外驚喜。
事業：凡事要親力親為，積極進取。
財富：財富在不知不覺間積聚。
自身：平安，貴人特別多。
家庭：快活無愁，可以享盡天倫之樂。
姻緣：靈籤暗示蜜運在今年極易成功。
移居：有出外旅游的機會，移民手續可盡辦理。
名譽：在社交圈子中，您的樂觀勤奮被人欣賞。
健康：無大礙，但天氣變化時，要小心飲食起居。
友誼：會認識很多好朋友，記住勿對異性存歪念。
風水：靈籤暗示時到自然發。
遺失：尋之終可得。
自身：身體亦平安。
天時：得利無人知。
出行：去之亦無防。"
"42","第四十二靈籤：王允獻貂嬋","求籤吉凶：中吉靈籤","算命籤詩：
月明散步到花欄 無策焉能剿滅奸
幸有貂嬋思定國 英雄難過美人關
東漢時期，奸臣董卓當道，民不聊生，王允設美人計，獻貂嬋，董卓與其義子呂布因爭美女而不和，董卓終於失敗，暴屍荒野。
黃大仙算命解籤詩：
這靈籤是講王允徘徊月下花前，正為剿滅奸臣傷腦筋，幸然婢女貂嬋自願以身報國，使王允的美人計得以成功，是英雄難過美人關也。轉載自算命眼
求得此靈籤，今年有幾點一定要注意，凡事立心要忠誠正直，切勿與壞人同流合污，要全力以赴，並要有信心。要立心忠直，有此善心，可以感動得人，必有貴人扶助，先難後易終必成功也。此靈籤有吉無凶，但要防避小人口舌。
黃大仙算命解運勢：
蚕與畜，今雖損，若遇時，即返本，財可得，病必癒
婚可合，行必旋，謀望吉，宅安然，孕生女，女必賢
流年：運氣不俗，而且盡在自己手中。
事業：凡事起頭難，當事情有頭緒時，已經是成功的開始了。
財富：宜作長線投資，勿太著眼暫時損失。
自身：先苦後甜，別指望不勞而獲。
家庭：家宅平安，家務要有條理，可望生一聰明女。
姻緣：女追男的格局較易成就好姻緣。
移居：出外，無論移民旅行，要戒酒色。
名譽：在實幹中盡顯才華。
健康：別為一時難以解決的問題而憂煩傷身。
友誼：不少人主動向您表示友好，有女貴人。
風水：靈籤暗示避煞方得吉。
遺失：尋貴人可得。
自身：先勞而後安。
天時：苦中有滋味。
出行：防避小人吉。"
"43","第四十三靈籤：韓文公被貶","求籤吉凶：下下靈籤","算命籤詩：
只因直諫怒天顏 晝夜難離在馬鞍
主仆奔忙神亦倦 更加雪重擁藍關
韓愈，唐朝一位很有學問的人，為官正直敢言，因上書諫迎佛骨，而被貶廣東潮陽。
黃大仙算命解籤詩：
此靈籤是記述當時在貶謫途中的淒涼景況：因為直言進諫，而惹怒皇帝，早上上書，當晚就要起程到邊遠的潮州。轉載自算命眼
為了趕及上任新的潮州剌史，必須日夜趕程，人不離馬鞍，韓愈忙於奔命非常疲倦的時候，更遇上大雪擁塞藍關，人馬受阻於途，難再上前一步。此為下下靈籤，得罪皇帝，前途未卜。
黃大仙算命解運勢：
財不遂，名未通，病難癒，謀望凶，畜與蚕，亦無功
行有阻，婚莫問，孕不安，宅運滯，凡有事，宜仔細
流年：凶險較多，阻滯重重，小人加害。
事業：天時、地利俱失，唯有自己努力。
財富：求財甚艱難，收入極可能減少，要准備過緊日子。
自身：是非多多，容易得罪別人，小心。
家庭：若想退可守，就要家庭和諧。
姻緣：愛情路上，坎坷不平。
移居：勉強轉換環境，新的地方更艱辛。
名譽：切忌與人爭一日之長短，要保持謙卑。
健康：保存實力，開朗一點，等待轉機。
友誼：宜與輩份低，年紀輕的人結朋友。
風水：靈籤暗示丁財俱塞滯。
遺失：尋之亦難得。
自身：辛苦多是非。
天時：防少晴多雨。
出行：靈籤暗示事勢甚難成。"
"44","第四十四靈籤：唐天寶評花","求籤吉凶：中吉靈籤","算命籤詩：
滿園春色斗新妝 意似爭妍奪國香
到底是誰居麗首 牡丹艷冠百花場
唐朝天寶年間，太平盛世，唐玄宗李隆重基在位。當時，世人甚愛牡丹，以之喻意富貴吉祥。
黃大仙算命解籤詩：
這支靈籤是當時百花爭艷，牡丹被評為百花之首的情景。滿園春色，百花都在炫耀自己的新妝，大家都有意爭奪國香的殊榮。轉載自算命眼
到底是誰名列第一呢？你看牡丹！她艷壓群芳，獲得全場冠軍！
此靈籤雖只是中吉，但有春風得意之好兆頭。
黃大仙算命解運勢：
求名遂，求財得，畜與蚕，均有利，病可安，孕可喜
宅平安，行人至，問婚姻，亦合宜，謀望吉，勿思疑
流年：大吉大利，立春之後，就已經入佳境。
事業：一枝獨秀，力壓群英，宜趁勢銳進。
財富：求財較以往順利得多，但要積蓄，以防花落時。
自身：平安富貴，許多願望都會在今年實現。
家庭：喜事重重，宜好好慶祝生日，婚禧等大日子。
姻緣：在情場，您是個勝利者。今年是結婚好時機。
移居：左右逢源，去到新地方將有新發展。
名譽：靈籤暗示要保持自己的良好形象。
健康：偶有小病，但要看醫生，切勿胡亂自己治療。
友誼：在得意時朋友更多，花些心思在其中必有重情義者。
風水：靈籤暗示得運將發達。
遺失：靈籤暗示求之將可得。
自身：身子心平等。
天時：凡事合人意。
出行：去之亦合宜。"
"45","第四十五靈籤：王質遇仙","求籤吉凶：中平靈籤","算命籤詩：
采樵不意到雲天 閒年敲棋二老仙
柯爛也思歸故里 出中七日世千年
黃大仙算命解籤詩：
王質，本是一位平凡的樵夫，有一日，上山砍柴，無意中，誤進仙山，看見兩位老人家在下棋，棋局適逢高手，變化萬千，非常有趣。
王質看得入神，忘記一切，七日七夜，很快就過去了，王質才發現自已帶來的斧頭竟然爛了，才醒悟要取柴回家。當他返回家時，一切都已經改變了，沒有人認識他，他又不認識任何人。轉載自算命眼
細問之下，才知道他離家已經一千年了！這就是山中方七日，世上已千年的故事。
黃大仙算命解運勢：
財可有，婚可成，蚕與畜，得利輕，病可醫，行人遲
問謀望，亦合宜，問家宅，亦平安，孕無礙，心略寬
流年：平穩中有機會，如不把握，就會浪費。
事業：再好的計划，不去實行，也等於零。
財富：一切靠自己努力，否則如入寶山空手回。
自身：本身有仙緣，有天資，要修為，行善。
家庭：家境小康，夫妻在平淡中發現感情真摯。
姻緣：愛情運很好，常有“快活不知時日過”之感。
移居：遷或不遷，已有定數，兩者俱吉，但求心之所安。
名譽：雖有別人栽培，但與虛名無緣。
健康：多作戶外活動，長命百歲。
友誼：會結交一些有學問修養的朋友。
風水：平常亦無。
遺失：求之或可得。
自身：靈籤暗示修善有仙緣。
天時：平淡無甚喜。
出行：進退任人意。"
"46","第四十六靈籤：左慈戲曹操","求籤吉凶：下下靈籤","算命籤詩：
黃柑數盒獻曹公 剖看原來肉盡空
怒動奸雄揮鐵斧 奔忙身入萬羊中
左慈是三國時代，一位傳奇人物，曾多次運用法術，戲弄曹操，令這個已患有頭痛痼疾的一代奸雄，更加頭痛。但左慈最後亦被曹操追殺，不知所終。
黃大仙算命解籤詩：
靈籤中所舉的只是左慈戲曹操的其中一個例子，他把盒子外表金黃的極品柑果獻給曹操，用刀切開來一看，裡面卻是空空如也。轉載自算命眼
激怒了奸雄曹操要把他追殺，他連忙混在羊群中逃走。這支靈籤暗喻，在好的假象中，有極壞的潛伏。
黃大仙算命解運勢：
病有險，孕有驚，蚕與畜，少收成，名不遂，財不就
問行人，無歸程，婚不諧，宅未寧，謀望事，不可行
流年：不是好時年，勿被表面的好處所欺騙。
事業：與對手交鋒時，要步步為營，小心陷阱。
財富：財運甚差，切勿貪小便宜。
家庭：家運尚算平穩，只是不宜在家聚賭。懷孕者宜多加小心。
姻緣：情海中常有變幻莫測的風波。勿考慮今年結婚。
移居：還是留在原居地，守一段日子再說。
名譽：遠離黑暗勢力，否則官非速至。
健康：舊有的病患時好時壞，並小心惡化。
友誼：肯對您說逆耳忠言的人，實在不多，值得珍惜。
風水：靈籤暗示妄動恐犯煞。
遺失：強求生是非。
自身：修善可消。
天時：世變實可悲。
出行：去之大不利。"
"47","第四十七靈籤：魯肅索荊州","求籤吉凶：中平靈籤","算命籤詩：
遙遙千里來西蜀 欲問荊州那日還
劉備不言聲淚下 自思無策轉吳間
三國，魏、蜀、吳，即曹操、劉備、孫權，劉備曾聽孔明之言，聯吳抗魏。初時，劉備未在四川一帶建立蜀國的根基，曾向孫權借荊州，作為暫且棲身之地。
東吳曾多次由魯肅出面向劉備要求歸還，但劉備諸多理由，一味用拖字訣，推說是無可奈何，暫時無法歸還荊州。這就是劉備借荊州，一去無回頭的典故了。
黃大仙算命解籤詩：
劉備向吳借荊州，劉備得蜀之後，東吳使人來西蜀，索取荊州。劉備一言未出便痛哭流淚，自思無計策可以圓轉。以一哭得還荊州，有借無還。轉載自算命眼
當哭泣之時乃悲愁之景象。求得此簽者，凡事要隱忍受苦，多行善事，方能轉禍為福也，論此簽凡事凶多吉少。此靈籤中有借而不還，亦有哭泣之象，求得者宜細心領悟其中意思。
黃大仙算命解運勢：
財難得，病癒遲，蚕與畜，得利微，婚不合，孕禱祈
宅平常，積善宜，問行人，要待時，謀善事，當細思
流年：有小災劫，登山涉水，財物往還，要倍加小心。
事業：常有阻滯，不宜自己開業。
財富：錢銀要小心從事，帳目文件，要親自檢點。
自身：有難以解決的問題等待處理，可考慮長痛不如短痛。
家庭：家宅平安，但要防財物損失。
姻緣：對方常因小事，而惹爭端，令您進退兩難。
移居：要周詳考慮，很多事都是沒有回頭路走的。
名譽：切勿失信於人。也不要做中間人、介紹人、擔保人。
健康：皮膚、腸胃的小病痛仍在糾纏著，時好時壞。
友誼：勿與朋友合資，盡量避免錢財交往。
風水：靈籤暗示失運恐破財。
遺失：勞苦恐難得。
自身：有事多憂愁。
天時：劫氣甚可悲。
出行：去之總不美。"
"48","第四十八靈籤：卓文君賣酒","求籤吉凶：中平靈籤","算命籤詩：
繡閣聽琴自起思 改妝夤夜最歡時
可憐沽酒臨邛市 才子佳人兩下廚
卓文君為西漢時的一位奇女子，她祖父是卓王。文君擅長彈琴，思想開放，丈夫死後不久，即遇上才子司馬相如，兩人一見鐘情，結為夫妻私奔。
後來更不理人言，雙雙返回故鄉，在鬧市開設酒家，才子司馬相如下廚，佳人卓文君當爐賣酒，成為一時佳話。雖然貧賤夫妻，卻竟也百事不哀而極之快樂。
黃大仙算命解籤詩：
卓文君司馬相如兩夫婦開設酒檔，一個是才子，一個是佳人。卓文君夜裡聽到司馬相如的琴挑，於是決意漏夜跟他私逃。兩家都要當爐賣酒，此有辛苦之氣象也，司馬相如後大貴。轉載自算命眼
此靈籤是文君新寡時，後來二人鬧市邛市賣酒，夫妻齊心合協力。求得此靈籤者，凡事要隱忍受苦，先難後易也，此靈籤不為吉，亦不為凶，得平常二字而已。
黃大仙算命解運勢：
孕生女，病求醫，行有阻，婚不宜，蚕微利，亦有之
問謀望，要待時，宅無礙，善當為，求財者，得微利
流年：今年大運不錯。先苦後甜，冬季有大貴人。
事業：凡事必須親力親為，不妨考慮夫妻拍擋。
財富：無偏財，每個錢都要靠自己賺得。
自身：平安，舊日的事情要放得開。
家庭：夫唱婦隨，家運由恩愛而起，漸至佳境。
姻緣：愛情運相當好，不要錯過這段好姻緣。
移居：目前所在地，是旺發之所，要穩守。
名譽：才華得以展露，很多人欣賞自己。
健康：大致無礙，樂觀一些，要戒酒色。
友誼：您樂意幫助朋友，朋友也樂意幫您。
風水：靈籤暗示氣運未當發。
遺失：尋之總未得。
自身：自在中有苦。
天時：豐熟有虛耗。
出行：去之亦無益。"
"49","第四十九靈籤：司馬相如題橋","求籤吉凶：中吉靈籤","算命籤詩：
十年窗下苦功成 有志難舒願不輕
試看題橋十三字 生平心誓確鐘情
司馬相如，是一位有學問的才子，琴棋詩畫，樣樣皆精，他的賦體文字華麗，後來被漢武帝賞識，獲封官。
黃大仙算命解籤詩：
此靈籤記述司馬相如未成名之時，在橋頭題字的感人故事。十年寒窗苦讀書，終於學業有成了，但心中的大志卻無機會發揮。司馬相如在四川成都家鄉的一條橋上，題了這十三個字，他日若不乘高車駟馬，不過此橋！，其志竟有如此堅決者。轉載自算命眼
凡事要自己立定志向，務須要不辭勞苦，自然先難後易。皇天向不負好心之人，若能修善者，各事有吉而無凶。此靈籤為一快活如意之景象也。
黃大仙算命解運勢：
財可求，病可醫，行人歸，漸有期，宅平穩，孕可喜
謀望事，當奮志，蚕與畜，微有利，問婚姻，皆合意
流年：一天天向好的方面發展，入秋後更佳。
事業：有白手創業興家的機會，不要浪費今年的時光。
財富：年中有較大的正財運，亦有偏財。
自身：過去有修為的，今年豊收。
家庭：家境由儉入奢，夫妻感情日篤，要尊敬家中老人。
姻緣：愛情美滿，可主動向對方求婚。
移居：最適合遠離出生地，到外邊發展。
名譽：有志者事竟成，可揚名立萬。
健康：靈籤暗示心情愉快，使小病痛漸漸自愈。
友誼：有志同道合的好朋友。
風水：漸漸當興發。
遺失：苦心尋可得。
自身：由苦而後甘。
天時：淡薄變滋味。
出行：有志事竟成。"
"50","第五十靈籤：伍員出關","求籤吉凶：中吉靈籤","算命籤詩：
記得當年伍子胥 潛奔難渡幸逢漁
欲將寶劍相持贈 大義交朋卻不辭
伍員，即伍子胥，春秋戰國楚人，父兄被楚平王殺害，幸及時逃到吳國，後助吳王伐楚，掘楚平王墓，鞭屍三百以泄恨。當年伍員逃難時，困難重重，一夜白頭。轉載自算命眼
黃大仙算命解籤詩：
這支靈籤是記述伍員逃亡時遇貴人。伍子胥逃難時，被江水阻隔，前無去路，後有追兵，幸有漁夫相救，載他渡江，伍子胥感激之余，堅持要以寶劍相贈，但漁夫卻辭之不受。
黃大仙算命解運勢：
病求醫，亦無憂，蚕與畜，慎看守，問行人，要遲久
宅修福，昌厥後，問六甲，慎綢繆，問婚姻，有佳偶
流年：外表看來，似乎動蕩不安，但對於您卻有很好的時機。
事業：靈籤暗示逢凶化吉，有大貴人幫您，意志要堅定。
財富：財來自有方，切戒貪婪，勿染指賭博。
自身：不要為身邊的事情大驚小怪，謹慎言行。
家庭：要孝順父母，家庭要融洽，爭吵則運轉壞。
姻緣：有佳偶善緣，要尊重對方的誠意。
移居：非不得已，不要考慮搬遷移民。
名譽：擇善而固執，把穩宗旨，必有建樹。
健康：注意休息，秋冬要多保養。
友誼：有真心實意幫您的好朋友。
風水：靈籤暗示平穩無防。
遺失：尋之亦可得。
自身：修善自平安。
天時：淡中亦有味。
出行：靈籤暗示戒貪方可去。"
"51","第五十一靈籤：成王剪桐封第","求籤吉凶：中平靈籤","算命籤詩：
剪桐雖是作兒涇 封北成圭語不移
何以偽為成實事 言因無戲故如斯
成王，西周國王，年幼喪父，國事暫由王叔周公管理。成王有一天，與弟弟唐叔玩游戲，成王把桐葉剪成圭形說：我封你為諸候。周公知道這件事，便恭喜唐叔。轉載自算命眼
成王卻說，開玩笑而已。周公教訓他：君無戲言。後來周公東征勝利，鞏固了西周的政治勢力，並還政於成王，成王大封諸候，果然守信，把唐這地方封給唐叔。
黃大仙算命解籤詩：
此靈籤之含意甚深，凡事要誠懇，慎言，守信，兄弟要和好。求得此靈籤者，一言一行均要仔細，不可作為兒戲，恐弄假成真，真恨錯則難以挽回也，論此靈籤亦屬平平常常而矣，諸事亦無阻而無礙。
黃大仙算命解運勢：
婚不合，財不大，謀望平，當仔細，宅平安，蚕無敝
病可醫，孕無礙，行人歸，恐遲滯，問六畜，無損壞
流年：平平常常，有小機會。
事業：凡事要守時守信，要謀而後動。
財富：未是求財的年份，多為將來儲備金錢。
自身：有貴人扶持，無什麼大風險。
家庭：要孝敬長輩，愛護後輩。如懷孕可望產子。
姻緣：情侶間有許多爭吵，凡事要開心見誠。
移居：人來到這世界是一次旅行，隨遇而安，錯有錯著。
名譽：守信諾就是名譽的保証。
健康：靈籤暗示四肢可能有損傷。
友誼：心誠，才有好朋友，否則眾判親離。
風水：平局亦無。
遺失：尋之恐難得。
自身：無補亦無傷。
天時：有美有不美。
出行：錯有錯便宜。"
"52","第五十二靈籤：盤古開天辟地","求籤吉凶：中平靈籤","算命籤詩：
上清下濁成天地 清濁相凝便作人
爾欲多求明白事 且將三等細分明
盤古，生於天地混沌中，後來他開天辟地，盤古每日長高一丈，
天亦高一丈，地亦厚一丈，經過一萬八千年，天地才完成。
黃大仙算命解籤詩：
明乎此，要凶要吉，全在乎自己，要做上浮之清氣，還是下凝之濁氣，請自便吧。求得此簽者，凡事以清潔為上，不可污，不可濁。若有所貪，流而為下矣。倘有時清潔，有時污濁，則不上不下，是中間之人。
三等分明，隨人自作，存善心行善事，斯為清潔而居上等也，清潔之人凡事皆吉，污濁之人，凡事皆凶。轉載自算命眼
這支靈籤是說：氣清而上浮者為天，氣濁而下凝者為地，中間清濁二氣相混者，就是人。假如你求得這籤，只要仔細思考一下，將上中下的氣與上中下等人聯想，就不難悟出真理了。
黃大仙算命解運勢：
婚不合，財不大，謀望平，當仔細，宅平安，蚕無敝
病可醫，孕無礙，行人歸，恐遲滯，問六畜，無損壞
流年：今年的運氣，全先靠自己積陰騭。
事業：種善因得善果，多勞多得，謀事要靠自己雙手。
財富：絕無偏財，莫貪莫賭，踏踏實實聚銀為上策。
自身：靈籤暗示平安與否，在於能否修德。
家庭：積善之家，必有余慶，記住，家和萬事興。
姻緣：由於今年的運氣不太穩定，訂婚結婚都不宜。
移居：福人住福地，心地良善，到處都一樣。
名譽：要獲得別人尊敬，必須以禮以善以誠待人。
健康：靈籤暗示身體強健，不必太著意滋補。
友誼：親近好人，遠離小人，小心擇友。
風水：全靠陰騭發。
遺失：得不得未定。
自身：行善必平安。
天時：即管用人事。
出行：善吉惡不宜。"
"53","第五十三靈籤：馮曖客孟嘗","求籤吉凶：中吉靈籤","算命籤詩：
珠履三千客孟嘗 誰人識得有鷹揚
其中彈鋏歸來者 便是英雄志莫當
戰國時期，孟嘗君有食客三千，馮曖初時只被當作下賓，馮曖拍擊著劍套，大聲地說：劍啊，我們不如走吧！這里食無魚，出無車！孟嘗君聞後待之為上賓。後來，馮替孟嘗君廣結善緣，使孟嘗君不但逃過大難，而且收復封邑。
黃大仙算命解籤詩：
此靈籤大意言眾人所不能識者，就其中有一個英雄。求得此簽者。凡事一定有好處，即英雄也，但必要修善，有神護助，始能識得出其好處耳。轉載自算命眼
這支靈籤是說：孟嘗君食客三千，誰人獨具慧眼，識得其中這樣的人才呢？ 這位曾經彈鋏而歌者，便是馮曖這位英雄了。馮煖為英雄人物。其志氣無人可當也。
黃大仙算命解運勢：
謀望事，費商量，行人滯，病禱禳，宅無礙，婚亦良
蚕小利，畜無傷，問六甲，亦無礙，名與利，善可望
流年：運氣有，但時常要動腦筋。
事業：凡事要先取得人和，上下人等都要合得來。
財富：小財不出，大財不入，節儉雖是美德，但不可待薄別人。
自身：居安思危，不要滿足現狀。
家庭：注意公關，搞好敦親睦鄰。
姻緣：有互相欣賞的情人，可考慮秋後結婚。
移居：靈籤暗示遷移運特別旺，出門遇貴人。
名譽：在適當時候，要表現一下自己的實力。
健康：身體會比以前稍為健壯。
友誼：有個非常信任自己的朋友，可助一臂之力。
風水：靈籤暗示方向要合度。
遺失：求之要得法。
自身：調養要得宜。
天時：勢色要趨避。
出行：扶助要得人。"
"54","第五十四靈籤：庄周夢蝶","求籤吉凶：中平靈籤","算命籤詩：
庄子酣眠成蝶夢 翩翩飛入百花叢
天香采得歸來後 猶在高床暖枕中
庄周，戰國時一位杰出的思想家，主張清靜無為，著作甚多，楚威王甘詞厚蹩，封他為相，也遭拒絕。唐朝尊崇道教，天寶元年號庄子為南華真人。
黃大仙算命解籤詩：
古人姓莊名周，夢自己化為蝴蝶，飛入花叢採花。夢醒之後，乃在高床暖枕中也，此乃一片假局。求得此簽者，凡事多虛少實，究無可取，但亦無大妨礙，因此靈籤有逍遙自在之意也。轉載自算命眼
這支靈籤說的是庄周夢蝶的故事：話說庄子在夢中化成一只蝴蝶，在百花叢里飛來飛去，采得香花歸來時，卻發現自己仍然睡在高床暖枕里。求得此籤者，逍遙快樂，與世無爭，與人無求。暗示未是謀大事的時候。
黃大仙算命解運勢：
財難得，宅平常，謀望事，謹慎良，問六甲，亦無傷
蚕與畜，亦無礙，行未到，婚莫同，病可癒，待時通
流年：安穩而已，無特別的變化。
事業：別期望太高，很多事情與您的想法出入很大。
財富：雖然有些微財運，但會左手來右手去，難積聚。
自身：快活無愁，但要注意口德，勿開過份的玩笑。
家庭：常常歡樂，而您可以助家人的運勢。
姻緣：今年還是拍拍散拖算了，婚事以後再談。
移居：看來一切很容易，要做起來就難得多，但仍有機會。
名譽：莫在別人贊美聲中沖昏頭腦，修心養性吧。
健康：年內最可喜的，就是身心開朗，是考慮減肥的時候了。
友誼：許多人都向您微笑，難有機會考驗友情深淺。
風水：靈籤暗示穩無妨礙。
遺失：靈籤暗示尋之未必得。
自身：修善愈平安。
天時：事勢有改移。
出行：穩陣方可去。"
"55","第五十五靈籤：吳隱之投沉香","求籤吉凶：中平靈籤","算命籤詩：
浦號沉香遺舊恨 渡江猶憶古人心
可憐當日辭官去 濁有馨留不易尋
吳隱之，一位清官，曾來廣東省當官，愛民如子，後來辭官離去時，兩袖清風，人民感激其任內德政，紛紛致送禮品，吳隱之一一婉拒，豈料歸舟在珠江河上行走。
黃大仙算命解籤詩：
忽然風浪大作，吳隱之連忙查問家人手下有無收受利者，眾人都說沒有，但有人提醒他，吳夫人手上的沉香扇，乃一父老所贈。
吳隱之馬上焚香向天禱告，然後把沉香扇投入江心，果然風平浪靜，江上出現一小島，即今日之沉香浦，渡江者每追念當年隱之之清廉。轉載自算命眼
求得此靈籤者，凡事平穩，須然吉中微有凶，但到底必好，不用憂疑。
黃大仙算命解運勢：
財利有，貪則敝，謀望事，當仔細，病可醫，行遲滯
畜與蚕，無損壞，孕平常，婚莫同，宅修善，福自至
流年：今年的運程，平衡中有轉好的跡象。
事業：有轉職機會。做生意者宜向轉口貿易方面發展。
財富：正財可求，但切勿貪戀橫財。
自身：安穩，小人難侵。
家庭：知足者，家常樂。女眷要避忌三姑六婆。
姻緣：很難遇上合眼緣的，遇上了，也很難追求。
移居：到處都有發展的新機會。
名譽：勿起貪念，並提防桃色惹紛爭。
健康：多做緩跑、體操、拳等運動。
友誼：以誠待人，真正的朋友不少。
風水：靈籤暗示吉地不易得。
遺失：靈籤暗示尋之恐難得。
自身：清潔平安好。
天時：佳景令人思。
出行：為善者可去。"
"56","第五十六靈籤：呂祖桃木劍","求籤吉凶：中吉靈籤","算命籤詩：
安知此劍不成龍 見水都應出袖中
他日飛騰千萬里 上空妖嬌有雲從
呂祖，呂洞賓，八仙之一。桃木劍，就是這位純陽祖師，在唐朝時辭官修道，所持的仙器。
黃大仙算命解籤詩：
本靈籤寓意吉祥，暗示一切都向好的方面發展。仙機見於籤語的首兩字安知，怎麼知道這把桃木劍不會成龍呢？
將來修成正果，一見仙水，它就會化成一條龍，從呂祖的衣袖中飛騰而出，飛升千萬里，空中還有彩雲相伴隨！轉載自算命眼
求得此靈籤，應努力振作修為，必成大器。有吉無凶，如能多行善事以培補之，則凡事愈順遂，必發達矣。
黃大仙算命解運勢：
名可望，財可求，蚕與畜，有利收，病必癒，婚合謀
家宅吉，孕無憂，行人歸，不待久，謀望吉，好綢繆
流年：大吉大利，有必定旺發的機緣。
事業：全力做好手頭的事，時來運到，就會一條龍。
財富：財源廣進。兼職副業常有意想不到的收獲。
自身：安與危，全靠自己的修養，立心要善。
家庭：家宅吉昌，好好慶祝生日以及那些值得紀念的日子。
姻緣：戀愛成熟。您會感受到對方的真誠，共訂終身良緣。
移居：靈籤暗示遷移旺盛，家居或寫字樓不久就會搬。
名譽：行善積福，莫出真名實姓。
健康：困擾多時的小疾患，可望自愈。
友誼：廣結善緣，社交圈子豁然開朗。
風水：靈籤暗示此地終必發。
遺失：得之要待時。
自身：漸漸將發達。
天時：後路更可喜。
出行：結局更合意。"
"57","第五十七靈籤：獨占花魁","求籤吉凶：中吉靈籤","算命籤詩：
小樓春雨聲初歇 徘徊街頭屐不停
忽聽賣花人入巷 一枝買得慢慢行
春雨初歇，穿屐行街者不停，忽聞有賣花者入巷叫賣鮮花，買得花一枝，而慢慢行路，恐路濕滑也。
黃大仙算命解籤詩：
這支靈籤是說，春天來了，帶來新的生機，要及時把握，獨占花魁，魁者，首也，暗示凡事要飲頭啖湯，但行事要膽大心細，眼明手快之外，還要循序漸進，俗語說，捉到鹿，要識得慢慢脫角。轉載自算命眼
在小樓上，聽得綿綿的春雨終於停下來了，但街頭的腳步聲，卻又響個不停，忽然聽見巷口傳來賣花人的聲音，馬上買了第一枝花，然後在濕滑的街上，安步走回家。
求得此靈籤凡事要淡定，不可急速，能謹慎自無差錯矣。依此慢慢行三字論之，則平安大吉，凡事亦平穩無礙。
黃大仙算命解運勢：
謀望事，要仔細，病與孕，慎為貴，婚可求，行漸至
畜與蚕，得利微，宅平安，將有喜，問求財，少為美
流年：立春之後，運氣轉好，春雨愈多，運愈好。
事業：有幾個起伏，春季的勢好，打穩基礎，以後慢慢發展。
財富：凡事要看通看透才去做，小心陷阱。
家庭：家宅平安，常有快樂事，宜於今年懷孕。
姻緣：遇有情人，主動結攀，然後慢慢互相適應。
移居：暫以不變為宜，如出門旅行，考察，要小心安全。
名譽：有好花，自然香，不必自我吹擂。
健康：無論什麼小病或是懷孕，小心為上。
友誼：很多人會主動與您交往，與他們有合作機會。
風水：靈籤暗示想發不能急。
遺失：慢慢尋可得。
自身：謹慎自平安。
天時：有時可合意。
出行：觀雨晴亦佳。"
"58","第五十八靈籤：蹇叔哭師","求籤吉凶：下下靈籤","算命籤詩：
秦師大敗在淆山 三帥皆擒盡放還
蹇叔諫言因不聽 倒戈舍甲返秦間
春秋時，秦穆公要出兵侵犯鄭國與晉國，老臣子蹇叔，極力勸諫，不可做這等無良無義之事，但秦穆公一意孤行，結果大敗於淆山，統領軍隊的三個元帥，俱被對方生擒。晉君之母乃秦穆公之女，晉康公念外祖父之情，釋放這支敗軍返秦，但要倒戈舍甲。
黃大仙算命解籤詩：
這支靈籤凶險很多，第一是妄想，第二是不聽忠言，一意孤行，
第三是失敗，第四是蒙羞，宜多加避凶。此靈籤凶險之極，求得此簽者，凶多而吉少，要多行善事，方能轉禍為福也，宜當天作福吉。轉載自算命眼
黃大仙算命解運勢：
病有險，孕多驚，行人滯，宅未寧，畜與蚕，多不成
財不利，亦無名，謀望事，不可行，問婚姻，無子生
流年：不利，切勿狂妄自大，莫惹紛爭訴訟。
事業：能保持現狀已屬萬幸，暫時守一段時間。
財富：年中有多次破財的可能，與橫財絕緣。
自身：一定要修心養性，寡欲行善。
家庭：夫妻無大沖突，但常為親戚間的是非而煩惱。
姻緣：愛情方面，半途有第三者出現。
移居：安於目前環境，切勿輕舉妄動。
名譽：小不忍則亂大謀。貪婪會令自己身敗名裂。
健康：小病就要找醫生檢查，以免惡化。
友誼：常與朋友爭吵。多檢討自己。
風水：靈籤暗示丁財俱恐退。
遺失：強求亦不得。
自身：修善乃無災。
天時：劫運恐難免。
出行：有敗而無成。"
"59","第五十九靈籤：東施效顰","求籤吉凶：下下靈籤","算命籤詩：
浣溪紗女美無雙 媚至吳王國破亡
最惱東施效顰笑 山雞豈可勝鸞凰
西施，中國古代四大美人之一。春秋時，越國幾乎被吳國所亡，
後來，越王勾踐得範蠡獻西施，與吳國議和，吳王夫差得西施後，荒淫迷亂，終被越王所亡。
黃大仙算命解籤詩：
這支靈籤是說，西施這位浣紗女，美艷無雙，一笑傾城，再笑便令吳王傾國了。最不自量的是丑女東施，整天模仿西施皺眉頭的樣子，以為可以博取別人的憐愛，其實山雞就是野雞了，豈可以冒充鳳凰呢？轉載自算命眼
求得此靈籤者，凡事要守份安命，順時聽天，不可心高而強求妄想。明知自己不如人，而強學於人，反為不美，必凶多吉少。
黃大仙算命解運勢：
財破耗，行未到，蚕與畜，利亦無，孕與病，皆身苦
宅不安，積善補，問婚姻，更不好，謀望事，不宜做
流年：時運不好，宜修心，勿出外招惹事非。
事業：今年有許多事都不如意，守得住，便是成功的開始。
財富：常有無謂的花費，應減少不必要開支。
自身：安份守已，是可以平安度過難關的。
家庭：家宅不安，有女人在搬弄是非。
姻緣：靈籤暗示愛情基礎不穩，易產生磨擦。
移居：一動不如一靜。當心越搬越糟。
名譽：獻丑不如藏拙，煩惱只為強出頭。
健康：別無病呻吟，疑心生暗鬼。
友誼：小人特別多，提防異性的假仁假義。
風水：靈籤暗示失運勿亂動。
遺失：求之亦難得。
自身：安份保平安。
天時：恐有不合意。
出行：去之煩惱生。"
"60","第六十靈籤：李白醉和番書","求籤吉凶：中平靈籤","算命籤詩：
和番醉筆似雲煙 日在長安酒店眠
倘遇唐皇頒令召 重呼不上木蘭船
詩人李白，曾被奸臣楊國忠、高力士所辱，楊國忠曾奚落李白，你的文章算什麼？只配替我磨墨！高力士附和：不，磨墨也不夠資格，只配脫靴提鞋而已。
黃大仙算命解籤詩：
番邦派特使來長安，諸多威脅求索，最危險的是，朝中竟無一人可與特使溝通。當時，有人向皇帝推薦李白，惜李白正大醉，皇帝頒召令請他入宮，親自喂他服食解酒湯。
李白醒後，要楊國忠磨墨，高力士背靴，醉眼昏花下，筆似雲煙，寫了和番書，嚇得番邦不敢再來犯。轉載自算命眼
求得此靈籤者，宜看各事等閒，不可貪心。勿與人爭長短，況且色即是空，空即是色，不為物慾所累。退一步想，自然快樂，以簽論之，凡事亦平穩無礙。
黃大仙算命解運勢：
財得少，宅平安，蚕與畜，亦無傷，行未至，病無妨
婚可合，名未揚，問六甲，無驚慌，謀望事，細參詳
流年：無大機會，雖有假象，但不能作准。
事業：有小小得意，不宜忘形，要堅守崗位。
財富：有些正財，但兼職的收入可能更豊富。
自身：人到無求，快活無愁。
家庭：家宅平安。是是非非，可以不理。
姻緣：雖然對方屢次主動示愛，但仍要考驗其誠意。
移居：但求心之所安，無論去一什麼地方，都要保持心境快樂。
名譽：靈籤暗示勿貪虛榮，勿意氣用事。
健康：無大礙，但勿飲過量之酒，免傷肝。
友誼：暫時不要指望有朋友相幫。
風水：平常無損害。
遺失：尋之恐難得。
自身：無事小神仙。
天時：無喜亦無憂。
出行：凡事勿貪謀。"
"61","第六十一靈籤：十二金牌召岳飛","求籤吉凶：下下靈籤","算命籤詩：
十二金牌速召回 奸雄設計幾時灰
可憐一旦功勞散 老少扶車不斷哀
宋朝忠良岳飛，大破金兵，眼看就要直搗黃龍，救出徽欽二宗，無奈奸臣秦檜，假傳聖旨，擅用十二度金牌召回岳飛，繼而以謀反之罪，害死岳飛父子。
黃大仙算命解籤詩：
此靈籤為下下籤，暗示在功敗垂成的一刻，遭奸人所害。十二度金牌召回岳飛時，百姓扶老攜幼送行，悲哀萬分。
求得此靈籤要趨吉避凶，首先要修善積福，其次是處處防犯小人，再者更要廣結善緣。常常聽取別人忠告。轉載自算命眼
事事要提妨小人侵害，且要多行善事，廣結善緣，乃能消此劫氣，逢凶化吉，轉禍為福也，宜當天作福吉。
黃大仙算命解運勢：
財破耗，行未到，蚕與畜，利亦無，孕與病，皆辛苦
宅不安，積善補，問婚姻，更不好，謀望事，不宜做
流年：有進退兩難之象，時運未到，不宜輕舉妄動。
事業：雖然有很好的大計畫，但似是而非，勿勉強而為之。
財富：財物易損失，甚至有被騙被盜被劫的可能。
自身：靈籤暗示應處處設防，眾事勿理，勿做中間人。
家庭：家宅常有爭吵。特別在您運滯時，意見更多。
姻緣：夫妻感情間，互相猜疑，如有第三者介入，則更壞事。
移居：運氣未轉好之前，千萬別搬遷移徙。
名譽：名譽受損，並非自己原因，小心別人謀害。
健康：年內極可能有較大病痛，秋冬二季尤其要保重。
友誼：朋友只能對您精神支持，愛莫能助。
風水：靈籤暗示損丁兼破財。
遺失：難以得原物。
自身：防疾病是非。
天時：辛苦而無功。
出行：防小人口舌。"
"62","第六十二靈籤：孔子守道","求籤吉凶：中平靈籤","算命籤詩：
美玉于斯韞匱藏 休求善價費商量
沽之亦可隨相待 此物何須自看常
孔子，聖人也。無論學識、道德、思想，都是萬世師表，但是，他的仕途官運都不好，唯將畢生精神都放在教化學生和著書立說的學問工夫中。
黃大仙算命解籤詩：
這支靈籤是說：一個人的才學，就像一塊美玉，應該好好珍惜，收藏在櫃中，並不是等待有好的價錢，然後出賣。而是要看機緣，假如遇上有眼光，真正欣賞自己的識貨之人，那又是另一回事。懷才不遇的人，又何必常常顧影自憐呢？轉載自算命眼
黃大仙算命解運勢：
行未到，病癒遲，孕無礙，婚不宜，蚕與畜，利亦微
欲求財，要依理，謀望事，宜待時，家宅吉，勉修為
流年：本身是有大運的，可惜時辰未到。
事業：您在未有別人垂青之前，仍宜守舊修身。
財富：未到行大財運之年，要開源節流。
自身：平安，但不要放縱自己。
家庭：家宅大吉，您可以助家人成功。
姻緣：蜜運不佳，暫且勿須考慮結婚。
移居：搬遷後的環境，一定會比現在的好。
名譽：不要看低自己，要胸懷大志。
健康：要養精蓄銳，身體健康是未來的資本。
友誼：勿與品格下賤之人來往。
風水：靈籤暗示將來必發達。
遺失：尋之勿心急。
自身：靈籤暗示積善自發達。
天時：氣候漸可喜。
出行：合時乃可去。"
"63","第六十三靈籤：顏回樂道安貧","求籤吉凶：中吉靈籤","算命籤詩：
陋巷簞瓢不足愁 旁人見此甚為憂
不知樂道忘貧乏 亞聖芳名萬古留
顏回，春秋魯國人，孔子的好學生。世人尊稱孔子為至聖，也曾有人稱顏回為亞聖，但後來大多數都把亞聖這名銜尊加于孟子，而改稱顏回為復聖。
黃大仙算命解籤詩：
這支靈籤是孔子稱贊顏回的話：顏回真是一個賢人，他樂道安貧，生活在陋巷里，只得一碗飯、一杯水，旁人看見他的環境，都替他擔憂，但他卻無憂無愁。世人應知道，一個人如能專心于學問修道，是可以忘記貧窮的。轉載自算命眼
凡事務須要忍於貧苦，一切財利，不可貪戀，一於真心修善，則實至名歸，名垂不朽矣。就算貧乏終身，亦無礙也，此靈籤有吉無凶。
黃大仙算命解運勢：
家宅吉，病可醫，謀望事，謹慎宜，名與財，勿妄思
婚可合，行漸歸，蚕與畜，利可得，問六甲，無驚赫
流年：今年在平穩中，常有一些好運出現。
事業：不宜轉行轉業，穩守目前，等待發展。
財富：財源自來，不必刻意追求。
自身：安守本份，最好繼續進修自己有興趣的科目。
家庭：自足常樂，家宅和諧，今年育男機會高，子女讀書聰明。
姻緣：終于有人欣賞到您的品格才華了。今年宜婚。
移居：無論到任何新環境，對您的運程改變不大。
名譽：您雖然不喜歡出風頭，但有不少人推崇您。
健康：當您的皮膚、消化有小毛病，最好將飲食清淡一些。
友誼：不能找到志同道合的知己良朋。
風水：靈籤暗示平穩無妨礙。
遺失：尋之尚未得。
自身：安份自平安。
天時：知命可無憂。
出行：苦中有甘味。"
"64","第六十四靈籤：孟之反殿師","求籤吉凶：中吉靈籤","算命籤詩：
奔殿須知上古人 入門策馬不夸能
敗師誰肯甘從後 托謂鳴馬畏苦辛
孟之反，春秋魯國人，官至大夫。有一次魯國被齊國打敗，魯軍爭相撤退回城，狂奔之情景，非常狼狽，但孟之反卻堅持要做殿後將軍，當他最後一個撤入城門時，別人都稱贊他勇敢而又肯照顧他人。
黃大仙算命解籤詩：
因為按照常理，敗軍誰肯甘願跑最尾呢？但是，孟之反還有更偉大的情操，他在別人的稱頌聲中，卻很謙虛的說。我不是勇敢，只是我的坐騎太累了，怎么樣鞭打它也不肯走呢！孔子曾大贊孟之反的英勇仁義。轉載自算命眼
求得此靈籤者，凡事要忍辱待人，不可與人爭論，謹以修德寬心接物，如此可逢凶化吉矣。
黃大仙算命解運勢：
名利無，行歸遲，畜與蚕，慎有利，孕與病，當禱祈
能修善，家宅美，問婚姻，總不宜，謀望者，當待時
流年：今年是耕耘年，而不是收成之年。
事業：常有小阻礙，但每克服一個困難，前景便更明朗。
財富：小開支會較多，但小財不出，大財不入。
自身：平安，雖有驚，但無險，放心。
家庭：家運非常好，是歷來最好的一年，喜事重重。
姻緣：愛情卻時有反覆，間有爭吵。
移居：留在目前的位置，會安穩一些。
名譽：遇有挫折，或者別人不了解自己，算了吧。
健康：放松自己，神經勿太緊張，不要給自己壓力。
友誼：朋友多，但不能助己，反而您可助人。
風水：靈籤暗示丁財不甚發。
遺失：尋之恐不得。
自身：修善乃平安。
天時：世界不甚美。
出行：靈籤暗示去恐有不利。"
"65","第六十五靈籤：後主失國","求籤吉凶：下下靈籤","算命籤詩：
隋滅陳時戟伐紛 都因妖媚閉明君
東奔西走無藏息 井里胭脂隱玉人
這是一個哀怨纏綿的歷史故事。記述風流亡帝陳後主，好色昏庸，終日迷戀于張貴妃和孔貴妃，不理朝政，後來，隋高祖起兵討伐，陳後主的江山，就在劍戈中倒台了。
陳後主左擁右抱著兩名寵妃，東奔西跑，苦無逃生之路，唯有藏進胭脂井中，隋兵趕至後宮，發現他們的蹤跡，用繩吊他們上來。
黃大仙算命解籤詩：
此為下下靈籤，凶險多多，要及早防範，不要沉迷酒色，胡天胡地，否則，災禍速至，後悔莫及。轉載自算命眼
求得此靈籤凡事要謹慎，勿受小人昏閉，多行善事，乃能消此劫氣，轉禍為福也，此靈籤要防女子小人口舌，宜天後廟作福吉。
黃大仙算命解運勢：
孕有驚，病有險，謀望凶，必應驗，畜與蚕，有損害
問行人，多阻礙，婚莫成，財不遂，宅欲安，修善果
流年：天時不好，運程凶多吉少，要及早提防。
事業：凡事要親力親為，小心女性小人及美人計。
財富：如能破財擋災，已屬不幸中之大幸。
自身：危機四伏，與其處處提心吊膽，不如潔身自律。
家庭：家運走下坡，切勿有婚外情。
姻緣：靈籤暗示提防無故獻殷勤的異性朋友。
移居：如果您發覺目前環境不利，速速搬遷。
名譽：貪圖享樂和浮名，會令您泥足深陷。
健康：舊日的病患，有惡化可能，切戒酒色。
友誼：最好勿與異性朋友來往太密。
風水：靈籤暗示損丁兼耗財。
遺失：難以得原物。
自身：修善乃消災。
天時：悽慘無可避。
出行：敗壞莫扶持。"
"66","第六十六靈籤：羲之會群賢","求籤吉凶：上吉靈籤","算命籤詩：
蘭亭雅會眾群賢 曲水流觴舍管弦
天朗氣清風惠暢 茂林修竹樂怡然
王羲之，書法家，他的字帖，為歷代朝野收藏的至寶，很多皇帝甚至用王羲之的字作為陪葬品。後人尊他為書聖。蘭亭序更是王羲之最著名最成功的書法，卷上有多位皇帝加蓋璽印。
黃大仙算命解籤詩：
蘭亭序記述王羲之，在三月三日與一眾好友在會稽山之蘭亭，歡聚的情景。在短短的二十八字籤語中，已寫出一幅有音有色的圖畫。求得此靈籤，百事吉祥，快活順景。轉載自算命眼
黃大仙算命解運勢：
行即至，財即盈，蚕與畜，有修成，能修善，更揚名
病即癒，宅安寧，謀望事，萬事興，婚可定，孕無驚
流年：大吉，好運即將來臨。
事業：天時地利人和俱備，春末夏初即有大轉機。
財富：財源滾滾，來自四面八方。
自身：平安，貴人特別多，隨心所欲。
家庭：家居安寧，夫妻恩愛，如家中有人學習音樂更佳。
姻緣：遇上樂天而和善的人，可定終身。
移居：移民或移居，都會有很好的鄰居。
名譽：揚名四方，在社會上受人尊敬。
健康：心情舒暢，百病難侵。
友誼：相識滿天下，知己亦不少，多找機會與新知舊朋樂聚。
風水：靈籤暗示丁財皆可發。
遺失：原物可尋得。
自身：安樂多貴人。
天時：豐稔大可喜。
出行：往來皆吉利。"
"67","第六十七靈籤：李元霸稱雄","求籤吉凶：中平靈籤","算命籤詩：
人雖勇力不能當 莫恃英雄獨冠場
可挾泰山超北海 身心猶貴重存亡
李元霸，隋唐時的第一號風雲人物，年少力勇，武功蓋世，為唐朝的建立，打下基礎。可惜，英雄壽短，犧牲沙場。
黃大仙算命解籤詩：
此靈籤有提醒凡事不可鋒芒畢露，搏得太盡，容易殘。靈籤語雲李元霸這人，雖然能力不可擋，但是不要自恃年少氣盛，到處耀武揚威，即使有力拔泰山、翻江倒海的力量，也應該顧及自己的生命。做人不能一味靠惡靠蠻力。轉載自算命眼
黃大仙算命解運勢：
謀望事，要參詳，孕無礙，病禱禳，蚕與畜，謹慎良
行未至，宅平常，婚不合，名未揚，財難得，積善昌
流年：表面無事，但潛伏著危機。
事業：不能光憑一股沖勁，凡事要多動腦筋。
財富：放棄“大雞不食細米”的方針，求財宜在小處著眼。
自身：要謹言慎行，勿與人爭斗。
家庭：欲求家宅平安，先要收斂自己的脾氣。
姻緣：情侶間會有大爭吵，勿因一時沖動而結婚。
移居：轉換環境，亦是好事，要與鄰舍和睦共處。
名譽：不要強出風頭，做了事，勿貪功。
健康：出入小心，提防意外，令四肢受損。
友誼：待人要和藹、誠懇，否則知己難求。
風水：靈籤暗示美中防不足。
遺失：原物恐難得。
自身：謹慎可無礙。
天時：防有意外事。
出行：凡事不可恃。"
"68","第六十八靈籤：姜太公得志","求籤吉凶：中吉靈籤","算命籤詩：
久抱凌雲志未舒 荷竿渭水釣游魚
文王千里求賢士 滅紂興周任意如
姜太公，懷才不遇，只有在山水間寄托自己的凌雲大志。他在渭水釣魚，荷枝作著名的古語，姜太公釣魚，願者上鉤。
當時，紂王無道，群雄並舉，周文王不遠千里而來，到渭水之濱尋訪隱居的姜太公，終于，姜太公協助周文王、周武王，打敗了紂王，建立周朝帝業。
黃大仙算命解籤詩：
求得此靈籤者凡事存一片善心。守慎安命，順時聽天，終必有貴人指引提拔，事事如意吉祥，榮華發達也。轉載自算命眼
此靈籤雖為中吉，但寓意吉祥，求得者，只要能順應天時，立心良善，必然萬事如意。
黃大仙算命解運勢：
財可得，病可醫，婚姻合，行必歸，蚕與畜，皆有利
宅平安，孕可喜，問謀望，亦相宜，問功名，亦合時
流年：運程開始轉好，漸入佳境，有苦盡甘來之象。
事業：有大貴人提拔，多年的心願，可望實現。
財富：求財順意，但不可太貪，戒鋪張浪費。
自身：平安，立心善良，天從人願。
家庭：家宅和睦愉快，有添丁之喜。
姻緣：靈籤暗示愛情堅固，如魚得水，最好在今年結婚。
移居：無論是移民外國或置業遷居，都有很大機會。
名譽：多年來的努力，可望有出人頭地之日。
健康：靈籤暗示並無什么大問題，但要注意勞逸結合。
友誼：很多有名望之士要結識您，但不要忘記際遇比您差的人。
風水：靈籤暗示此地將發貴。
遺失：尋之或可得。
自身：交運漸興發。
天時：苦盡而甘來。
出行：去之亦順利。"
"69","第六十九靈籤：韓文公祭鱷魚","求籤吉凶：中吉靈籤","算命籤詩：
忠義存心官十載 年丰民樂惠難忘
鱷魚毒害都能息 禱告長江北海王
韓愈，雖因直言而被皇帝貶官潮州，但因文、德、政各方面都有很大的貢獻，後被尊為文公。韓文公在潮州為官，勤政廉潔，為國為民。
當時潮洲沿海一帶常有鱷魚出沒，威脅人畜的生命，韓愈寫了一篇祭鱷魚文，虔誠祭之，並限日鱷魚遷徙，結果，奇跡出現，從此不再見有鱷魚出現。
黃大仙算命解籤詩：
求得此靈籤者，凡事心誠志堅，定可逢凶化吉──韓文公在潮州為官十年，心存忠義，令當地人民安居樂業，誠心禱告之後，連惡毒的鱷魚也平息。轉載自算命眼
求得此靈籤者，務要自己存一點善心，宜多行方便則善氣所感，可逢凶化吉。劫運可消除矣，就此靈籤論，平穩無礙，有吉而無凶，但要防避小人是非口舌。
黃大仙算命解運勢：
病與孕，當禱禳，蚕與畜，無損傷，問謀望，亦無妨
宅平穩，積善昌，行人動，漸回鄉，求財者，大吉昌
流年：天時好，如果心地好，則運氣更好。
事業：謀事順利，可轉換更具挑戰性的工作或行業。
財富：財運非常好，正財順利，亦有小偏財。
自身：多祈神作福，凡事盡心盡力。
家庭：在好景之年，別忘了多些時間在家中。
姻緣：經過多時的互相了解，終于被對方誠意感動，宜結婚。
移居：不要主動找門路移民。命中有時，工作上會帶來機會。
名譽：靈籤暗示多年的服務，會獲得回報。
健康：靈籤暗示多作運動，游泳釣魚都對您有益。
友誼：以誠以真待人，朋友滿天下。
風水：好心得好地。
遺失：原物或可得。
自身：修善可平安。
天時：善者多順利。
出行：忠直者可去。"
"70","第七十靈籤：塞翁失馬","求籤吉凶：中平靈籤","算命籤詩：
可比當年一塞翁 雖然失馬半途中
不知禍福真何事 到底方明事始終
古時，邊塞地區有一老翁，失一馬，他泰然處之，後來，馬回來了，還帶著一匹小馬。塞翁之子，騎這小馬時，不慎跌斷足，塞翁亦泰然處之，不久，村內所有壯丁都被征往修筑長城，而塞翁之子得以免役而保存性命。
黃大仙算命解籤詩：
這支靈籤暗喻事情仍有反覆，壞事可以轉化成為好事，而好事亦會轉化成壞事，但是我們只能像當年的塞翁一樣，暫且接受現實，不管是禍是福，都要處之泰然，善惡到頭，是會有結果的。轉載自算命眼
人生禍福難以判定，惟行善者，禍可以轉為福。若求得此靈籤者。不可以現下有福而歡喜，亦不可因現下有禍而憂愁，總要立定主意，一於行善，方便於人。此靈籤吉凶難定，隨人自作，凡事宜子細方可避免。
黃大仙算命解運勢：
問謀望，不甚宜，孕與病，當禱禳，蚕與畜，當慎之
行未至，財亦微，問婚姻，不必議，宅安否，難定時
流年：運程有多次反覆，暫且的得失，別介意。
事業：不宜過份大展拳腳。穩扎穩打好了。
財富：財來自有方，但亦有不少散財機會。
自身：似乎有小風險，要穩守宗旨，以不變應萬變。
家庭：靈籤暗示家中會有小磨擦，家屬會有病痛。
姻緣：離合聚散無常，未完全了解對方之前，別談婚論嫁。
移居：前途難料，去留但求心之所安。
名譽：多做善事公德，但切戒沽名釣譽。
健康：常有小病痛疾患，不必緊張。
友誼：也許你也需要朋友幫助，但要先幫助朋友。
風水：興敗隨時轉。
遺失：靈籤暗示得失當安命。
自身：為善多平安。
天時：豐歉未可知。
出行：善者不妨去。"
"71","第七十一靈籤：庄周活鮒","求籤吉凶：中平靈籤","算命籤詩：
涸轍之中鮒困之 窮通自可卜當時
若能引得西江水 他日成龍也未知
黃大仙算命解籤詩：
這靈籤是庄周筆下的一個故事：有一條鮒魚，被困在車輪壓成的一個小水坑中，當時的窮途困境，不用多說，相信大家都會明白。但是，假使間，西江水引入，涸轍之魚能逃過此難，他日重回大海，成龍也是有可能的。轉載自算命眼
求得此靈籤，是凶多吉少之象，而困境非常艱險，又不能自拔自救，必須要等待時運的大變，或得到大貴人施以援手，方能獲得解脫。
黃大仙算命解運勢：
孕有驚，病可醫，財難得，行歸遲，蚕與畜，勉力為
謀望事，當待時，宅運滯，積善宜，求婚姻，不必議
流年：天時不好、地利又差，必須忍耐，及爭取人和。
事業：凡事不可憑自己主觀去做，還是當上班一族算了。
財富：除春秋兩季可求小財外，其余日子財運很滯。
自身：年內有官非，是非纏身，要多檢點自己。
家庭：靈籤暗示家運滯多作福，注意家居安全。
姻緣：大運未轉好之前，談婚論嫁，更添麻煩。
移居：如果有條件，最宜移民。否則也要考慮改善目前環境。
名譽：並非求名出頭之時，要保持謙厚。
健康：多食水果蔬菜，多飲水。懷孕者要小心。
友誼：靈籤暗示廣結善緣，必須以誠待人。
風水：失運未能發。
遺失：目下尋未得。
自身：運滯要修善。
天時：當用人事補。
出行：待時方可去。"
"72","第七十二靈籤：高文定守困","求籤吉凶：中平靈籤","算命籤詩：
兔兒久待意何如 堪嘆愚人獨守株
算是無能令我笑 不須守舊自拘拘
宋國有一農夫，偶然遇一野兔奔跑，撞倒在樹頭，于是撿回家，宰來食，從此，每天不去耕種，只坐在樹頭，等待下一只兔子的光臨。也有用此來形容像高文定這樣抱殘守缺的人。
黃大仙算命解籤詩：
古人有看守一樹而待兔來者，待之甚久，不見兔來。此人仍守樹而不去，其愚拙無才能，真令人笑矣。不可拘泥守舊，若一味固守，雖屬無大礙，究亦無益也，又何若而為此哉。
靈籤說：花這么長時間去等待兔子，又何苦來由呢？這個守株待兔的愚人，真是可憐。他的低能，實在令人好笑，做人為什么這樣守舊而自我拘禁呢？轉載自算命眼
求得此靈籤者，雖無大礙，但短期內亦難望有什么大作為。有受困而難得貴人之象，要立即修善以感動人心。後必有貴人來提拔，轉禍為福，宜早不宜遲，如魚失水，不能待久也。此靈籤乃凶多吉少，現下尚未定者，全在人事而為之。
黃大仙算命解運勢：
財難得，行歸遲，謀望事，不可為，蚕與畜，得利微
孕無礙，婚不宜，問疾病，當改醫，宅平安，修善美
流年：平穩，難成大事，謀發展要等運轉好再考慮。
事業：最宜騎牛拉馬，一面等待轉機，一面要做好目前工作。
財富：正財平平，勿因些少橫財而產生僥幸心理。
自身：要克服吊兒郎當、得過且過的心理。
家庭：靈籤暗示家宅平安，家人宜互相關懷。
姻緣：對異性要積極，雖今年未宜成親，但要為未來打基礎。
移居：在未有移民搬遷運時，也要裝修一下現在的居所。
名譽：損失的原因是來自您自己，而不是別人累您。
健康：困擾您的疾病，再不愈，就要找醫生。
友誼：靈籤暗示擴大社交圈子，結識新朋友。
風水：平局無可取。
遺失：當出法再尋。
自身：改過乃平常。
天時：有轉機乃吉。
出行：去亦不合意。"
"73","第七十三靈籤：孫霖中狀元","求籤吉凶：上上靈籤","算命籤詩：
夾道花香襯馬蹄 藍袍改換錦衣歸
滿街紅粉皆爭羨 翹首芳名雁塔題
昔日的布衣藍袍，寒窗下苦讀的日子，已經成為過去，如今穿上狀元錦袍而歸，滿街漂亮的女孩子，都用傾慕的目光，望著這位芳名題在雁塔的新貴人。
黃大仙算命解籤詩：
中進士點狀元謂之雁塔題名，穿著藍袍去而換轉錦衣歸，一路花香襯馬蹄，滿街都是紅粉女。爭看狀元來，此乃群眾歡呼快活之事。求得此靈籤，萬事皆吉祥，得償素願，吐氣揚眉，名成利就，有一個非常美好的開始。轉載自算命眼
這是一支春風得意、衣錦榮歸的上上靈籤。籤語道盡孫霖中狀元的喜氣洋洋。新科狀元騎著駿馬，大道兩旁的香花，好像在夾道歡迎。
黃大仙算命解運勢：
名大貴，財大利，病即癒，行即至，問六甲，生貴子
家宅旺，有貴氣，蚕獲利，畜亦美，謀望事，大可喜
流年：萬事吉祥如意，天從人願，好事齊來。
事業：工作有極之可喜的業績，更上一層樓。
財富：靈籤暗示水到渠成，財源滾滾。
家庭：家宅運轉旺，敬老更能添福，添貴子。
姻緣：在眾多的追求者中，選擇最合意的，在今年結婚最好。
移居：人往高處走，有遷新居之喜。最好擇高層。移民亦宜。
名譽：功名大顯，獲得眾人尊崇。
健康：今年無大病，但為將來著想，要減少酒色應酬。
友誼：朋友一下子多起來，特別是異性朋友。
風水：靈籤暗示必發丁財貴。
遺失：尋之必可得。
自身：平安必發達。
天時：豐稔真得宜。
出行：事事皆合意。"
"74","第七十四靈籤：朱買臣分妻","求籤吉凶：下下靈籤","算命籤詩：
回憶當年運蹇時 夫妻反目兩分離
名題雁塔歸來後 復水馬頭時否悲
朱買臣，漢朝一位讀書人，本是貧寒之人，妻子不願意跟他挨餓一世，提出離婚。後來，朱買臣當了大官，妻子要求復合，朱買臣把一盆水潑在地上說：你能把這些水都收回到盆里，我們就復合吧！這就是復水難收的典故了。
黃大仙算命解籤詩：
回憶當年我運滯的時候，夫妻反目，鬧離婚。如今我名題雁塔載譽歸來，你卻又要求重修舊好，你看看，我潑在地上的那盆水，有沒有辦法收拾，真可惜！轉載自算命眼
求得此靈簽者，凡事要隱忍受苦，將來必有發達之日，若不能立定堅志。遇有不如意之事，即欲求改，到時必恨錯難翻矣，就此簽論，有凶無吉，須知機也。
黃大仙算命解運勢：
婚不利，財不來，蚕與畜，亦有喜，行未歸，孕有礙
宅運滯，病難醫，謀望凶，多改移，急修善，方可為
流年：天時不利，凡事要作長遠考慮。
事業：勿急功近利，接受現實，穩扎穩打。
財富：求財甚難，能保持現在的環境，已屬萬幸。
自身：靈籤暗示欲無後悔須修己，各有前因莫羨人。
家庭：運滯，夫妻婆媳之間越吵越糟，生個孩子可調和感情。
姻緣：情海易起波濤，愛情有觸礁危機。
移居：一動不如一靜，在目前環境守好再說。
名譽：先別急于出風頭，安定家庭環境再說。
健康：常有小病纏身，為免小事化大，必須要保持心境開朗。
友誼：在患難中，才知道真情難求。
風水：此地有損害。
遺失：雖尋亦難得。
自身：修善可安康。
天時：靈籤暗示劫數有可能。
出行：有福難扶持。"
"75","第七十五靈籤：倫文敘戲妻","求籤吉凶：下下靈籤","算命籤詩：
婚姻豈可厭家貧 文敘夫妻兩拆分
一旦首登龍虎榜 戲妻樓墜自身亡
這又是一支貧賤夫妻百事哀的下下籤。倫文敘是一介寒生，妻子嫌他窮，改嫁了。當倫文敘中狀元後，妻子悔恨交集，被倫文敘奚落了幾句，就跳樓身亡了。
黃大仙算命解籤詩：
試看看靈籤給我們的啟示，婚姻是終生大事，豈可因一時貧困而變心呢？倫文敘夫妻，就是這樣拆散了，一旦丈夫金榜題名，那時就後悔莫及了。轉載自算命眼
此靈籤險象環生，一是要挨窮，二是夫妻拆散，三是看不開時，還會有更大的不幸。凡事總要安份守己，不可多心妄想，捱得若楚，然後苦盡甘來。因禍而得福也，世界花花不外循環兩字。否極則必見泰來，若不修善而妄動橫行，禍機一發，悔之莫及矣。
黃大仙算命解運勢：
財難得，婚莫成，蚕與畜，少收成，行未至，孕難成
謀望事，不可行，病難癒，宅不寧，連修福，免禍生
流年：本來並不太壞，宜守舊，勿庸人自擾。
事業：目前工作，雖有困難，但守得雲開就會見月明。
財富：財難得，盡量做到多賺錢，少花費。
自身：靈籤暗示不貪不謀，不好高騖遠，可保平安。
家庭：夫妻力戒爭吵，家和萬事興。家衰禍不停。
姻緣：愛情備受考驗，切勿以對方經濟環境而作出選擇。
移居：今年不宜搬遷，移民要考慮犧牲太大，值不值得。
名譽：作福修善，做一個無名行善者。
健康：有頑疾，要找醫生徹底檢查，懷孕要小心。
友誼：最好與異性朋友保持不冷不熱的溫度。
風水：靈籤暗示丁財多損害。
遺失：難得回原物。
自身：行善可免災。
天時：總不合人意。
出行：去之必不美。"
"76","第七十六靈籤：孔子修身不厭貧","求籤吉凶：中平靈籤","算命籤詩：
人能樂道自修身 疏水曲肱豈厭貧
不義而富且貴者 我心都作是浮雲
這是至聖孔子修身樂道安貧的寫照。人貴于能向往真理正義，不斷求學問，修養自己的品格，即使暫且的環境不好，粗茶淡飯，甚至要枕著自己的手臂而眠，我們也不要自暴自棄。
黃大仙算命解籤詩：
對于那些謀取不義之財而成為富貴的人，在我的心里，就只會當作是浮雲而已。求得此靈籤者，雖然可能大運未到，但只要堅守原則，站穩崗位，始終是有成正果之日的。轉載自算命眼
求得此靈籤者，必要隱忍，受得艱辛，不可有厭氣。且要樂心行善事，修身積德，要把定自己，不貪不謀，要能安貧樂道。始終無怨心，將來必有一番佳景，可預卜之，不用憂疑也。
黃大仙算命解運勢：
名與利，勿貪求，蚕與畜，少收利，問行人，未回頭
若婚姻，非佳偶，孕無礙，宅平常，謀望事，枉商量
流年：一切平穩，既無大凶險，也無大富貴。
事業：在平淡的工作，最好能繼續進修。
財富：明白自己近來的運程，您應該對一切泰然處之。
自身：為將來著想，努力修為行善。
家庭：能克服虛榮心，家中就常有歡樂。
姻緣：不是適婚之年，對方的誠意仍須考驗。
移居：遷居或移民外國，對開運並無太大作用。
名譽：不貪不謀，默默耕耘，將有意外收獲。
健康：當您身體出現小問題，不妨多吃素。
友誼：在您身邊，有可以互助互勉的朋友。
風水：靈籤暗示此地難發財。
遺失：尋之亦難得。
自身：修善得平安。
天時：平常不甚美。
出行：淡薄難稱意。"
"77","第七十七靈籤：公冶長入獄","求籤吉凶：中平靈籤","算命籤詩：
鳥語能通公冶長 南山有個虎拖羊
其身雖在于縲紲 到底非關自己殃
公冶長，古時一位能解鳥語的奇人，有一日，正值家貧無米下鍋之際，有一鳥飛來對他說：冶長，南山有虎拖羊，你食肉，我食腸。
公冶長聞訊即往南山，果然見一羊，他嚇走老虎，把腸臟留給鳥食，自己把羊肉帶返家，豈料有人眼紅，誣告公冶長偷羊，雖然被關在獄中，但到底他是清白的，後來該鳥設法相救，公冶長得脫官非。
黃大仙算命解籤詩：
求得此靈籤者，凡事要謹慎，不可輕聽人言。不可理人閒事，自己僅能以收善為心，雖有意外之慮，受人冤屈，不可與人爭論長短。終必有救星，可逢凶化吉，此乃先難後易之靈籤，要防小人。
此靈籤雖然有驚無險，但如果輕信人言，則容易惹禍上身，等到有人相救，已經吃了眼前虧了。轉載自算命眼
黃大仙算命解運勢：
宅運滯，多是非，婚不合，病可醫，蚕與畜，得利微
孕勿驚，行歸遲，求財難，勿妄為，問謀望，不甚宜
流年：靈籤暗示是非多多，不是謀事之年，凡事宜守舊。
事業：最好勿與別人合資搞生意，自己做好本份，已經夠了。
財富：安守本份，收入尚算固定，絕無偏財命。
自身：可能有小官非，謹防得罪別人，遭報復。
家庭：家運滯，要有心理准備，家中各人要互相體諒。
姻緣：靈籤暗示有第三者介入，戀情面臨考驗。
移居：移民外國，處境比現在更壞。
名譽：清者自清，不必多花唇舌為自己申辯吹噓。
健康：小病不足為患。但要注意口腔衛生。
友誼：較難獲得別人理解，唯有用行動說明一切。
風水：失運勿妄動。
遺失：尋之亦不得。
自身：防有病口舌。
天時：意外有不美。
出行：凶多而吉少。"
"78","第七十八靈籤：曾點論志","求籤吉凶：上吉靈籤","算命籤詩：
瑟希鏗爾尚留聲 春暮時剛春服成
冠五六人童六七 舞雩歸詠暢幽情
曾點，春秋時代魯國人，不但文思敏捷、心地善良，而且隨遇而安，很懂得因應時間去做適宜的事。
黃大仙算命解籤詩：
這支靈籤是曾點向別人說出他最大的願望，希望和諧的琴聲，到處飄揚，在暮春三月，穿上剛剛縫好的單衣，帶著五六位年青人、六七位兒童，虔誠地去做完了求雨的祭祀，歸家途中，心安理得，放懷唱詠。轉載自算命眼
求得此靈籤，只要心誠心善，事事如意，天從人願。凡事必須安守本，善與人同，則隨時隨地無不優遊快活矣。
黃大仙算命解運勢：
財可得，病無憂，宅安樂，婚可求，蚕與畜，多利收
問行人，即回頭，問六甲，生男子，謀望吉，任你謀
流年：四季平安，尤其以春末夏初，運勢明顯轉好。
事業：不妨把目標一得高遠一些，得天時盡人事百事可為。
財富：既易賺錢，亦易花錢，但仍有收藏。
自身：靈籤暗示貴人特多，小人難侵，善與人同。
家庭：家宅樂也融融，年輕一代有喜事，倘情孕可生男。
姻緣：遇有性格開朗樂觀的有情人，應主動求婚。
移居：移民選擇，首要條件是氣候與現居地差不多。
名譽：是名利雙收的好時年，多行善。
健康：無憂無慮無病，秋冬防感冒。
友誼：會結識一些年齡比您輕的新朋友。
風水：靈籤暗示一定發丁財。
遺失：必得回原物。
自身：平安多貴人。
天時：事事如人意。
出行：往來皆吉利。"
"79","第七十九靈籤：張良悟道","求籤吉凶：中平靈籤","算命籤詩：
富貴有如春夢熟 世人何苦力爭求
任他秉笏當朝立 到死惟留土一仸
張良，祖先五代為韓國丞相，後秦亡韓，張良結交刺客，在博浪水狙擊秦王而未果，逃亡江蘇，遇黃石公，得傳太公兵法，後助劉邦建立漢朝，封留候。
黃大仙算命解籤詩：
此靈籤系張良在拜相封候之後，領悟到人生如夢，富貴名利像過眼雲煙。富貴好像春夢一場，世人又何苦費力去追求呢？即使爭得到，手托朝笏，站在天子殿下，他日死時，還不是留下一堆黃土？轉載自算命眼
求得此靈籤者，惟安份守己，切勿起貪心而妄求。更要存心積善，名垂不杇，萬載留存，更為實際。切不可以虛之心來對人，此靈籤無歡喜處，亦無害處，平常而已。
黃大仙算命解運勢：
名與利，勿貪求，病與孕，求神助，蚕與畜，少收成
行未到，婚莫謀，宅平常，德宜修，謀望吉，待時候
此籤有勸人安分守己，凡事不可強求之意。
流年：由絢爛歸于平淡，當您發覺無大突破時，不妨享受眼前。
事業：有一種停滯不前的感覺，切勿逆天意而強求。
財富：財散人安樂，賺得多，花得多。
自身：安守本份，一切但求心之所安。
家庭：把多一些時間和心機留給家庭，會覺得日子很寫意。
姻緣：拍拍散拖，勿要求對方太多。
移居：搬家並無新意，計划移民，飛來飛去亦暫無頭緒。
名譽：不要給自己任何壓力，無官，反而一身輕。
健康：樂觀一些，要學習自我安慰。
友誼：很多朋友想幫您，但礙于天意，幫不來。
風水：靈籤暗示平常無可取。
遺失：尋之亦難得。
自身：安份勿勞碌。
天時：靈籤暗示平淡無可喜。
出行：往勞而無功。"
"80","第八十靈籤：樂廣釋疑","求籤吉凶：中吉靈籤","算命籤詩：
飛觴對舞幾時賒 弓影橫杯誤作蛇
猜透詩中玄妙訣 泰來否極事無差
這是杯弓蛇影的故事。樂廣有一天請人吃飯，客人中，有一人疑心很重，居然懷疑杯中的弓影是蛇，飲後歸家，悶悶不樂，樂廣知道後，再請他來家里，坐在原先的位置，讓他弄清楚，酒杯中的蛇，原來只是挂著的弓箭的影子。釋疑後，此人才心安理得。
黃大仙算命解籤詩：
一邊飲酒一邊欣賞歌舞，是多么難得的樂事，無端端卻把杯中的弓影誤作是蛇，真冤枉！明白此中的道理，就是趨吉避凶。轉載自算命眼
求得此靈籤必要力行善事，即使對人有愧，對鬼神亦無懼，則心有主宰矣。遇艱苦之事，亦易應對，不至誤為蛇落杯等弊，此乃衰極而轉歸，榮發之靈籤也，凡事俱平穩無礙。
黃大仙算命解運勢：
財可得，病可醫，畜與蚕，微有利，孕有喜，行漸至
婚可合，謹慎宜，宅平安，漸得宜，問謀望，亦合時
流年：先苦後甜，凡事樂觀，好運會提前來。
事業：按照自己原來計划去進行，勿受別人左右。
財富：財運不錯，但要避免花冤枉錢。
自身：平安無事，不要疑心生暗鬼，心存善念，可以免災。
家庭：夫妻要坦誠相待，切勿互相猜疑。
姻緣：情侶之間，要排除第三者干擾，雨過天晴後，宜婚嫁。
移居：要遷居就早些決定，運氣轉好後，就不宜變動。
名譽：靈籤暗示下半年的收獲會更大。
健康：有任何不舒服，最好找個正正式式的醫生檢察。
友誼：朋友和洽相處，其中有一個能特別幫您。
風水：靈籤暗示此地將興發。
遺失：尋之或可得。
自身：由苦而得甘。
天時：半憂半可喜。
出行：到底亦無妨。"
"81","第八十一靈籤：子路拱雉","求籤吉凶：中吉靈籤","算命籤詩：
山梁雌雉得其時 上下飛鳴自樂之
色舉須知翔後集 作聲三嗅過山欹
孔子與學生子路，在山邊看見一只雌雉，非常機警醒目，在樹葉間跳上跳落，快樂地鳴叫著，但它發覺周圍有什么異動時，馬上飛走，等到確定安全時，再飛回來，在它飛走的時候，連叫三聲，消失在山野間。
黃大仙算命解籤詩：
因孔子被尊為至聖，這只雌雉在孔子面前歌舞，亦被稱為朝聖。按照靈籤意，是有一番好景的，但凡事都要知機，間中可能會出現危機時，要知道避忌。轉載自算命眼
求得靈籤觸物思人，當要識時務曉機關，遇有不合意者，勢色不同，立即轉機退避。探真地步，穩陣無險，方可停留。恐人害己，而入其牢籠而不知，故要提防小人及是非。
黃大仙算命解運勢：
財可得，行亦歸，孕與病，當仔細，蚕與畜，微有利
謀望事，要知機，問家宅，亦安康，能謹慎，大吉昌
流年：大致吉祥，偶有小風波時，要退避，不要對著幹。
事業：有貴人幫忙，小心從事，可望有成。
財富：有較大的正財，但也常有小破財。
自身：害人之心不可有，防人之心不可無，特別在快樂得意時。
家庭：靈籤暗示家居安全要小心，謹防盜賊和意外。
姻緣：不要輕信情侶的諾言，愛情仍須考慮一段日子。
移居：有移民之象，到新環境後要多加小心。
名譽：不要貪慕浮名，虛榮背後，潛伏危機。
健康：別小覷傷風咳嗽這些疾病，處理不好，會有些麻煩。
友誼：鄰居或同事，其中有可以成知己的。
風水：靈籤暗示審慎方可用。
遺失：尋亦要知機。
自身：安樂須防避。
天時：事勢有改移。
出行：險處要迴避。"
"82","第八十二靈籤：孔子擊磬","求籤吉凶：中平靈籤","算命籤詩：
聖人擊磬在于衛 誰料過門有荷簣
嗟嘆有心挽道窮 可憐日月今將逝
孔子擊磬的故事，告誡我們，要惜取少年時，應該做的，就要及時去做，否則老之將至，有心無力了。聖人孔子，在衛國擊磬的時候，門外有人擔著竹簣路過，在磬聲中，聽出孔子是有志做一番救世救民的事業心，可惜，時不我與，歲月就這樣逝去了。
黃大仙算命解籤詩：
求得此靈籤者，凡事以善良和順為貴，不要以為善事太小而不去做，也不要以為惡事太小而去做。做人，要把握今天珍惜今天。
凡事當以救人為己任，或出錢，或出力，有利益於人者便要做。幽則有神鑒賞，明則有人稱羡，何樂不為。若年紀老更要及早行善以救人，則必有貴人扶助。轉載自算命眼
此靈籤似有憂愁氣象，問事者亦平常，無礙平穩。但是非小人口舌，恐難避兔矣，宜慎防能避之者吉。
黃大仙算命解運勢：
行未歸，病癒遲，蚕與畜，得利微，欲求財，要待時
宅平常，婚不宜，問六甲，當禱祈，謀望者，宜慎之
流年：天時對自己不利，雖無大礙，但難成大事。
事業：腳踏實地盡快將手上的工作做好，勿作不著邊際構想。
財富：靈籤暗示微中取利，太大的投資，風險大，要審慎。
自身：如果人生如賭博，今年只有四成贏面。
家庭：家居平淡，敬重老人家，會添福。
姻緣：愛情一波三折，雙方都缺乏信心。
移居：要移民就趁早進行，禍福未知，要對自己的選擇負責。
名譽：難有揚名立功的機會。
健康：身上的病痛，恐怕還要延續一段日子，最好換一個醫生。
友誼：小人多，背後也有不少在非議您，但可以不理。
風水：靈籤暗示財滯多口舌。
遺失：尋靈籤暗示之亦難得。
自身：修善免是非。
天時：氣運不甚美。
出行：防小人口舌。"
"83","第八十三靈籤：赤松子招隱","求籤吉凶：中平靈籤","算命籤詩：
凡塵身歷幾時閒 世事渾如疊疊山
既富尚憂無貴子 不知花放又花殘
神仙赤松子勸人歸隱。他說：寄身在凡塵間，真不知道什么時候才得清閒。世事渾渾噩噩，堆積如山，無錢的望發達，有錢的又擔心子女不成材。辛苦鑽營中，不知不覺花開又花落了。
黃大仙算命解籤詩：
世事如輪轉，功名利祿的追求，永無止境，何不隨遇而安，把得失榮辱都置諸度外，凡事但求心之所安，要做生命的主人，不做生命的奴隸。一個人，能看化，能知足，就樂在其中了。轉載自算命眼
世道循環，無長久富貴，一切功名錢財。妻兒子女，第一要知足，第二要看化，隨遇而安，不為世事所累，此身才有日清閒耳。
黃大仙算命解運勢：
名與利，勿貪求，蚕與畜，亦無憂，行未至，婚莫謀
宅平安，病可療，孕生女，命所招，謀望者，勿紛擾
流年：一切平淡，勿擔心，亦勿貪心。
事業：事在人為，在實際工作中會獲得可行的靈感。
財富：財運普通，大財機會微，無橫財。
自身：靈籤暗示少說話，多做公益事。
家庭：家中本已平穩，不把主觀願望強加別人頭上，將更和諧。
姻緣：選擇異性朋友，要踏實，外表並不重要。
移居：來來去去，對于大運絕無好與壞的影響
名譽：不要做中間人，否則名譽有損。
健康：天掉下來當被蓋，要克服情緒緊張。
友誼：與他人分享，多接受朋友意見。
風水：平穩勿多心。
遺失：尋之恐難得。
自身：多事更勞神。
天時：難得其全美。
出行：安份勿貪謀。"
"84","第八十四靈籤：韓信棄楚歸漢","求籤吉凶：中吉靈籤","算命籤詩：
滿腹奇才志未沖 鐵雞難舉意無容
張良指示身投漢 項羽烏江命自窮
韓信，漢時的一名將，輔助劉邦建立漢家江山。韓信在張良指引，離開楚霸王項羽，投靠劉邦。
黃大仙算命解籤詩：
滿腹奇才的韓信，沖霄之志未能得償所願，在楚王軍中，曾被項羽指令試舉一只鐵鑄公雞而未成功，自尊心受挫。
後來幸得張良指引，投靠劉邦，終于打敗項羽，使他烏江自刎，吐了一口屈氣。求得此靈籤，今年會有轉機，宜好自把握，切勿自暴自棄。轉載自算命眼
求得此靈籤者作事不可心急，暫時安份守己。行善修福，終必有貴人提拔，風雲際會，榮華發達，吐氣揚眉也，人生斯世，時運未到，藏器待時可也。
黃大仙算命解運勢：
財可得，病可醫，蚕與畜，均有利，宅平安，行漸至
問六甲，亦歡喜，謀望者，細參詳，有貴人，任前向
流年：上半年平淡，下半年有貴人指點，運轉好。
事業：天生我才必有用，平生所學有機會在工作中顯露才華。
財富：正財運不錯，也有偏財運，兼職收入可觀。
自身：運未到時，勿灰心喪志，做人要有始有終。
家庭：靈籤暗示家宅平安，子女很聽話。
姻緣：對方正在發現您的才華和品德，不必自吹。
移居：新環境肯定比現在好，設法搬遷或改改風水。
名譽：辛苦多年，終于有出頭之日了。
健康：凡事量力而為，不要操勞過度。
友誼：新相識的朋友在不知不覺中幫了您大忙。
風水：靈籤暗示此地將自發。
遺失：用方尋可得。
自身：榮發要待時。
天時：先難而後易。
出行：無意遇貴人。"
"85","第八十五靈籤：劉向得志","求籤吉凶：上吉靈籤","算命籤詩：
太乙燃藜照讀書 十年窗下苦功舒
揚眉吐氣袍穿錦 駟馬高車擁道隨
劉向，漢室皇冑，因勸諫曾下獄，獄中堅持苦讀，後獲平反，出人頭地。太乙，天神中最尊貴者。
黃大仙算命解籤詩：
太乙神仙燃藜作燈照明劉向，是有大貴人相助，天時盡得之吉祥寓意，是一支很好的靈籤。求得者假如能把握良機，未來數年必定有一番成就。轉載自算命眼
靈籤意是太乙神仙燃藜為燈，照我讀書，十年寒窗下的辛苦用功，終于是舒一口的時候了。看我身穿錦袍，揚眉吐氣，坐著四匹馬拉的高車，前呼後擁，多快樂。
黃大仙算命解運勢：
名可成，財亦得，行人回，家宅吉，問六甲，生貴子
婚宜合，病漸除，蚕與畜，獲大利，謀望事，貴人來
流年：大旺發，有苦盡甘來，揚眉吐氣之吉兆。
事業：從此平步青雲逐步開拓未來的大業。
財富：財運漸入佳境，但未到最盛時，切勿太貪。
自身：戒驕戒躁，最忌得勢不饒人。
家庭：大吉大利，光彩門戶，最好替雙親大事祝壽。
姻緣：最好能趕及今年結婚，年尾產子或今年懷孕，運勢更好。
移居：可以移民，但留在本地發展的機會更多。
名譽：名成，最宜擔任社團領袖。
健康：身體轉弱為強，乘機培補基礎。
友誼：在眾多的朋友中，有人真心真意為您。
風水：靈籤暗示此地必發達。
遺失：尋之終可得。
自身：平安兼發達。
天時：豐稔大可喜。
出行：往來皆吉。"
"86","第八十六靈籤：侃母迎賓","求籤吉凶：中平靈籤","算命籤詩：
截發迎賓否也貧 貧中賢婦更何人
古今只有陶侃母 所以名留萬代聞
陶侃，晉代一位德才兼備的大官，初為縣吏，因表現出色，後逐步升遷，官至征西大將軍，荊江兩州刺史，統領八州軍事。為官四十年如一日，不貪不飲不賭，從不浪費一紙一木。
黃大仙算命解籤詩：
這支籤是講述陶侃年少時家貧，無錢迎迓賓客，陶母非常賢淑，毅然剪下自己的長發，拿去變賣。這樣的賢婦，古今只得陶母一個，是值得萬世景仰的。轉載自算命眼
求得此籤，他日或者有好環境，但目前就要設法守一段日子了。凡事要隱忍待時，雖困窮到極，若存正直之心，終必有好處在日後也。若現時困難，切不可妄動橫行也。
黃大仙算命解運勢：
婚可合，病可醫，孕生女，行人歸，蚕與畜，皆有利
財可求，家宅美，問功名，亦可求，謀望事，好綢繆
流年：雖然未到大運時，但處處露出生機曙光。
事業：事在人為，在克服困難中，您對將來充滿信心。
財富：正財可通過勤儉積聚。無偏財橫財。
自身：心存正氣，抗拒誘惑，苦盡甘來。
家庭：家中並不因環境而不安，要感謝辛勞的女眷。
姻緣：靈籤暗示婚姻美滿，但勿攀附富貴人家。
移居：家中有人出外讀書、謀生，正合此籤。
名譽：檢點一言一行，將會贏得別人的敬重。
健康：無大礙，家中有孕婦，生女最佳。
友誼：與朋友保持君子之交淡如水，勿結交酒肉朋友。
風水：靈籤暗示平穩無妨礙。
遺失：尋之或可得。
自身：苦盡而甘來。
天時：淡中有真味。
出行：去之亦合時。"
"87","第八十七靈籤：陸士龍會客","求籤吉凶：中平靈籤","算命籤詩：
會談華座逞英雄 究竟誰人秉大公
一雲日下荀鳴鶴 一說雲間陸士龍
荀鳴鶴與陸士龍，都是西晉時代的有為之士，各有抱負，各有著作，有一天，兩雄相遇，坐在一起，各抒己見，雄辯滔滔，無法分出高下。
黃大仙算命解籤詩：
此靈籤有口舌是非之象，凡事切忌口水多過茶。籤意是：在會談中，各逞英雄，究竟哪一位的觀點最正確呢？難以定論。
有人說：荀鳴鶴有道理，也有人說陸士龍辯贏了。雖然無傷大雅，但與人爭執，費時失事傷感情。轉載自算命眼
求得此靈籤不可亂聽人言，及與人爭執，則逢凶可以化吉。平安無事，此靈籤不凶不吉，平平穩穩，但要防是非口舌，言語都要謹慎為是。
黃大仙算命解運勢：
問家宅，防是非，蚕與畜，得利微，財難求，行未至
孕無礙，病可醫，問婚姻，當另議，謀望事，不甚宜
流年：平穩中，常有逆流，勿與之爭鋒，避之則吉。
事業：工作有反覆，要學習應付閒言閒語。
財富：求財較難，明白和氣生財，收入會改善。
自身：口舌是非，切戒。
家庭：家和萬事興，勿受外人挑撥離間。
姻緣：首先要互相遷就、適應，才有機會結合。
移居：靈籤暗示不利移民遷居。
名譽：賤力得人敬，賤口得人憎。
健康：少言養氣，清心明志，才是養生之道。
友誼：多年的朋友，可能因意見不合而分手。
風水：靈籤暗示當細心審擇。
遺失：亂覓尋不得。
自身：防小人口舌。
天時：事勢須防避。
出行：恐惹出是非。"
"88","第八十八靈籤：花木蘭從軍","求籤吉凶：中吉靈籤","算命籤詩：
替父從軍膽氣雄 須眉巾幗幾人同
以身報國忠而孝 笑煞當時眾臣公
花木蘭，古時一位奇女子，因代父從軍而成為巾幗英雄。
黃大仙算命解籤詩：
求得此靈籤，可從中省悟兩個道理：一是盡孝心，二是盡忠心。替父從軍，膽色過人，女人能有男人勇，世上有幾人？以身報國，既忠且孝，當時很多大男人都自嘆不如呢！轉載自算命眼
凡事盡忠孝之心，定能逢凶化吉，無論有什么艱難困阻，都可以安然度過的。此靈籤暗示，努力堅決下去，終會出人頭地的。當即勇往向前，不辭勞苦。人所難造者，自己盡心竭力造之，有此氣概，事事皆吉。
黃大仙算命解運勢：
財可得，病可醫，孕生女，行漸歸，問婚姻，配合宜
宅平安，勝舊時，蚕與畜，亦有利，謀望事，合設施
流年：運程逐漸明朗，有苦盡甘來的跡象。
事業：可承父業，並能發揚光大，將獲得上司贊賞。
財富：每一個錢都由辛勤中得來，莫指望有橫財。
自身：立心善良，無往而不利。
家庭：家中和睦促使運開，當敬重父母。
姻緣：靈籤暗示有良緣，嫁娶可選在秋後。
移居：移民最好往北方發展，搬遷宜與老人同住。
名譽：在英勇中，建立新形象，功名顯露。
健康：積極運動，可使性格改觀。
友誼：在患難中建立的友誼，今年可分享成果。
風水：此地有可取。
遺失：力尋必可得。
自身：義氣得美名。
天時：苦中有甘味。
出行：去之無妨礙。"
"89","第八十九靈籤：吳季子挂劍","求籤吉凶：下下靈籤","算命籤詩：
他鄉遠歷佩魚腸 誰料徐君意欲將
既返願為相贈答 且懸樹下表情長
吳季子，吳王壽夢之末子，聰明博學，吳王擬廢長立幼，傳位于他，但他堅拒，後周游列國，以見聞廣博著稱。
吳季子游歷到徐國時，徐君很喜歡季子的魚腸劍，季子答應他，游罷歸來，就將寶劍送給他。不料他日歸來，徐君已逝，季子只得把魚腸劍挂在徐君墳前的大樹下，以表達自己的長情和哀思。
黃大仙算命解籤詩：
此靈籤為下下，求得者，要小心趨避，凡事要謹慎，不可任意妄為。如果以此籤問自身者，今年內暫勿往探病吊喪。轉載自算命眼
求得此靈籤者，凡事要謹慎而行，切不可隨意。如屬問自身簽，探喪問病都不宜去，以免沾染病痛也，宜向社壇作福吉。
黃大仙算命解運勢：
病難醫，人有險，行不歸，婚有變，宅不安，各修善
謀望事，無應驗，蚕與畜，小入息，財強求，必貧極
流年：不利，有風險，小心人、財的損失。
事業：勿考慮新發展，只宜穩守目前的工作。
財富：能保持目前的經濟狀況，已屬萬幸。
自身：時運太差，事事辛苦，莫偷懶。
家庭：各人宜檢點自己的言行，多關心家中老人。
姻緣：已婚者或未婚者，都要及時修補感情籬笆。
移居：移民或遷居，都要預算有經濟上的損失。
名譽：修善，守信，有名與否，都不要計較。
健康：體質較弱，易失眠多夢。注意腸胃調理。
友誼：小心擇友，以免被損友所累。
風水：靈籤暗示此地傷丁財。
遺失：尋亦空費力。
自身：運滯極艱辛。
天時：勞苦無所益。
出行：講義不講財。"
"90","第九十靈籤：紅拂女私奔","求籤吉凶：中平靈籤","算命籤詩：
細整殘妝夜欲奔 座中李靖更何人
那知虯髯情鐘處 拔劍三回未敢陳
楊府歌妓紅拂女與李靖有情，兩人正准備漏夜私奔，偏偏虯髯客在這時出現，虯髯客與紅佛女以兄妹相稱。
傾談中，李靖誤會虯髯客調戲她，阻礙他倆的私奔，三次拔劍要斬虯髯客，都被紅佛女阻止，彼此明白意向時，在虯髯客幫助下，三人一齊逃出楊府，結成風塵三俠，共同闖蕩江湖。
黃大仙算命解籤詩：
紅拂女、李靖、虯髯客，三人之間的微妙關系，藉此籤提醒我們，凡事要忍讓，不可魯莽行事。轉載自算命眼
求得此靈籤者，凡事隱忍讓人，方能逢凶化吉。就靈籤而論，不為吉亦不為凶，不過無大礙，平淡而已。
黃大仙算命解運勢：
財難得，病可醫，蚕與畜，得利微，孕有驚，行歸遲
宅平常，婚不宜，謀望事，不可為，問功名，要待時
流年：平淡中常有小喜，但大運未是時候。
事業：宜與別人合作，合資創業也無妨。
財富：無大財運，切忌與人有銀錢糾紛，公私分明。
自身：切勿因一時沖動而決定進退。
家庭：情況普通，親人之間不要互相猜忌。
姻緣：靈籤暗示有第三者介入，您可能遇競爭對手。
移居：缺乏長計划的移遷，不敢恭維。
名譽：避免桃色事件，否則身敗名裂。
健康：精神疲倦，就要多運動，連運動也不願做，就要看醫生。
友誼：有異性貴人相助，但切勿與之發展感情。
風水：靈籤暗示平淡無可取。
遺失：雖尋亦難得。
自身：修善保平安。
天時：喜中有不美。
出行：財到勿相。"
"91","第九十一靈籤：月里嫦娥","求籤吉凶：上上靈籤","算命籤詩：
蟾宮月殿柱飄香 玉篋團圓萬里光
六水三山歸鏡里 無瑕一片挂窮蒼
嫦娥，後羿之妻，服了靈丹之後，飛升上天，成為月中仙子。
黃大仙算命解籤詩：
此籤是說嫦娥在月宮無憂無慮的神仙生活。在蟾宮月殿中，桂花常飄香。一輪圓月像玉篋，照得萬里銀光。轉載自算命眼
人間的六水三山，都在月色下展現無遺，白譬無暇的一片聖潔，高高懸挂在青天。求得此上上籤，高貴神聖，萬事皆圓滿，前途光明。
黃大仙算命解運勢：
病即癒，行人回，蚕與畜，獲大利，問六甲，貴子胎
家宅匡，如求財，婚姻合，諧唱隨，謀望事，無阻礙
流年：運程較過去任何時間，都明顯轉好。
事業：您原來較為保守的計划，會有意想不到的突破。
財富：財源多，財路廣，財來自有方。
自身：平安，常有賞心樂事。
家庭：家運昌盛，特別旺女眷。
姻緣：男追女要多花心思。女追男較順利。婚事宜在秋後。
移居：無論移民或遷居，東南西北皆宜。
名譽：要摒除高高在上的架子，多接近下屬。
健康：清淡的飲食，令您身輕、腦活、容顏美。
友誼：當您接觸較高層次的社交圈子，別忘了昔日患難知己。
風水：靈籤暗示發丁貴興財。
遺失：尋即得原物。
自身：平安兼順利。
天時：事事合人意。
出行：處外亦可喜。"
"92","第九十二靈籤：孔子聞韶樂","求籤吉凶：中吉靈籤","算命籤詩：
至聖周游列國行 在齊得聽奏韶樂
三月不知嘉肉味 善哉大道可功成
至聖孔子，在齊國聽到韶樂，令他心神陶醉，歷三個月之久，每餐飯中，竟不知肉是什么味道，專心致志去研究韶樂的制作，所謂廢寢忘餐，終于大功告成。
黃大仙算命解籤詩：
靈籤的含意，簡明易懂，但其中道理，就要求得此靈籤的人，慢慢去領悟了。大致上有吉無凶，但是吉祥的程度有多大，與個人的努力有密切關系，如果，明知前面有個大金桔，也懶得去摘，那就如入寶山空手回了。轉載自算命眼
凡事能專心去做，則必成功。作事要有恆心，有堅志，不可分心騖外，則自然有吉無凶矣，凡事順利。
黃大仙算命解運勢：
婚可合，病可醫，財亦有，行漸至，畜與蚕，皆有利
問六甲，亦無驚，問家宅，亦安寧，謀望事，有功程
流年：具備一切旺發的條件，天時地利已有，就等人去努力了。
事業：宜發展新業務，也可趁春天轉換工作環境。
財富：有財，但財來得較慢，勿作短線投資投機。
自身：平平穩穩，既無小人，貴人亦不直接幫您，要靠自己。
家庭：常有快樂事。宜多在家中與親友歡聚。
姻緣：經歷過相當時間的了解，是結合的年份了。
移居：靈籤暗示移民運頗旺，可以積極進行。
名譽：人們不是尊敬您的名利，而是佩服您的才能。
健康：要注意作息時間的安排，提防消化道出毛病。
友誼：有志同道合的朋友相隨。
風水：靈籤暗示可以發丁財。
遺失：尋之亦可得。
自身：調養要得宜。
天時：風雨合人意。
出行：去之亦大利。"
"93","第九十三靈籤：孔子聞衛樂","求籤吉凶：下下靈籤","算命籤詩：
鄭衛之音不忍聽 淫風敗俗國將傾
令人深入迷津路 所奏全非古樂聲
鄭國、衛國之音，超離正途，萎靡不振，主題不健康，用今日的標准，就是黃色下流了。孔子聞之，痛斥其非，後來，鄭、衛終于因文化墮落亡國，這些音樂，也可算是亡國之音了。
黃大仙算命解籤詩：
籤雲：鄭、衛的音樂，真難聽！既誨淫，又傷風敗俗，遲早會令國家傾亡的。因為，它所奏的，全非正經音樂，聽多了，會消磨壯志，誤入迷途的。得此籤，有所警惕，是可以趨吉避凶的。
求得此靈籤者，凡事當謹慎，擇善而行，一切聲色財利不合義者。切不可貪，必至敗家喪身矣，要防小人說是非，慎勿輕信人言。轉載自算命眼
黃大仙算命解運勢：
財難求，病癒遲，行人阻，婚不宜，蚕與畜，亦無利
謀望事，不可為，孕有驚，宜禱祈，宅不吉，宜慎之
流年：外界的環境不大好，凡事要小心，小心駛得萬年船。
事業：工作、生意、學業都要規行矩步，不可貪快。
財富：正財大致上與去年無大改變，切戒賭博貪婪。
自身：要把握自己的宗旨，勿受小人唆擺誘惑。
家庭：遠離三姑六婆，提防年青一代誤入歧途。要關心他們。
姻緣：靈籤暗示選擇對象，要勤奮務實善良為宜。
移居：無論出國的目的是移民、旅行，要戒酒色。
名譽：在平凡中，您會感到一份安全。
健康：如將聽音樂看電視的時間，去打球緩跑，明天會更好。
友誼：靈籤暗示小心口甜舌滑的異性。
風水：此地損丁財。
遺失：雖尋不能得。
自身：有阻障不安。
天時：世界總不美。
出行：敗壞難扶持。"
"94","第九十四靈籤：髯公遠走扶桑","求籤吉凶：中平靈籤","算命籤詩：
一窟難容兩虎兒 乘風別嶺各棲之
名山自守為巢穴 可免傷殘後悔遲
虯髯客是個看化一切的世外高人，本來他也喜歡紅拂女，但卻與她結誼兄妹，把機會讓給李靖，三個行俠仗義，共反暴隋。
後來，風塵三俠見李世民後，虯髯客洞悉天機，說此人乃真命天子，一山不能藏二虎，于是與李靖、紅拂女話別，獨自乘船投奔怒海，遠走扶桑國，自為山寨王。
黃大仙算命解籤詩：
正所謂，一山難藏二虎，倒不如知機另覓山頭棲身，各有各的環境，這樣可以避免兩虎相斗必有一傷的命運了。凡事要總要知機，預先退避，不可勉強去做。轉載自算命眼
求得此靈籤兩人謀事必不成，即成亦難得長久和衷共濟。又要審度時勢方可舉行，如虎之待有風，乃可分居別處，如此彼此可免傷殘矣。此靈籤凶中似有吉，若能隱忍讓人，則可以轉禍為福，不可不知。
黃大仙算命解運勢：
蚕與畜，謹慎良，病與孕，恐有傷，宅有礙，積善昌
財難得，婚不詳，行人滯，未回鄉，謀望事，枉商量
流年：雖然不太好，但能知機是可以逆流而上的。
事業：別只管埋頭苦幹，多留意外界，尋求突破，另覓新發展。
財富：靈籤暗示先破點小財，再改善收入。
自身：切忌爭訟，遠離小人，要盡力保護自己。
家庭：絕不容許第三者介入，否則無幸福可言。
姻緣：愛情有阻滯，寧願退避，也莫與之爭風呷醋。
移居：當您發覺目前環境不開心，應即考慮移徙。
名譽：不要逞英雄，留得青山在，不怕無柴燒。
健康：憂能傷人，要改變多愁善感的作風。
友誼：多忍讓，互相尊重，彼此分享。
風水：靈籤暗示有地要另遷。
遺失：尋之恐難得。
自身：恐小人口舌。
天時：風雨不合宜。
出行：有害要迴避。"
"95","第九十五靈籤：女媧煉石補天","求籤吉凶：中平靈籤","算命籤詩：
功勤一簣可成山 由少而多莫憚煩
作事畏辛今汝畫 補天煉石亦無難
太古之時，青天穿了個大洞，女媧不辭勞苦，煉石為漿，用以補天，歷盡艱辛，終于有成。
黃大仙算命解籤詩：
此靈籤有勸人將勤補拙之意：別看輕這一捧一捧的泥土，堆積在一起，就可以成為一座山了。
凡事都是由少而多，不要怕麻煩，做事怕辛苦，會令您一事無成。您看看女媧煉石補天的例子，又有什么難字可言呢？得此靈籤宜在平穩中勤奮工作，創造未來。轉載自算命眼
求得此靈籤凡事要不辭勞苦，勤懇用功，終必有成。到時一勞永逸，苦盡甘來也，乃平穩之靈籤，不用憂疑。
黃大仙算命解運勢：
宅平常，積善昌，病可醫，孕禱禳，蚕與畜，亦無妨
行未至，婚不良，求財者，亦平常，謀望事，當自強
流年：可能有一次較大變動，只要勤力做事，可安然過度。
事業：謀事遇上不少阻力，但不可中途改變原來計划。
財富：別染指急功近利行業，要節儉積蓄。
自身：擇善固執，我行我素，這是自保基本法。
家庭：靈籤暗示勤補拙，儉養廉，日子過得清雅心安。
姻緣：愛情路，還有一段較長的在前面，要考慮對方的心意。
移居：可以考慮，但新環境的開拓，較為艱辛。
名譽：您將會以實幹少言的形象傲視同群。
健康：多作體力勞動，業余常活動，有益身心。
友誼：要遠離口惠而實不至的假朋友。
風水：靈籤暗示無發要另尋。
遺失：尋之要用力。
自身：保重便平安。
天時：辛苦有微利。
出行：勤苦乃成功。"
"96","第九十六靈籤：文姬思漢","求籤吉凶：中平靈籤","算命籤詩：
羌笛頻吹韻更悲 異鄉作客觸歸期
南來孤雁如憐我 煩寄家書轉達知
蔡文姬，東漢人，為匈奴亂兵所掠，嫁與左賢王，十二年後才歸漢家。
黃大仙算命解籤詩：
如果在春夏時分求得，則及早趨吉避凶。羌笛在塞外頻吹，曲調更令人傷感。它使異鄉的游子，醒悟起歸家的日子，遙遙無期。這是一個悲涼的意境，在秋冬兩季求得此靈籤者，要特別小心。轉載自算命眼
南來的孤雁，假若同情我，請常常替我傳遞家書給故鄉的親人。
于此環境，首先要自我珍重，保存實力，等待運轉的一日。求得此靈籤凡事宜慬慎，秋季更要注意，宜向天後娘娘作福吉。
黃大仙算命解運勢：
行未至，病癒遲，宅運滯，婚不宜，蚕與畜，得利少
孕有礙，財未至，謀望事，要待時，凡作事，多滯機
流年：阻滯甚多，與其冒險，不如穩守待變。
事業：勿胡亂投資，否則泥足深陷，何時望見故鄉？
財富：財運未通，打工比當老板的日子好過。
自身：心中常有事情挂牽，宜自我開解，眼光放遠一些。
家庭：家人有分離之象，切勿爭執，以免家運更差。
姻緣：愛情面臨考驗，暫不宜考慮結婚。
移居：若有移徙，往東南比往西北為佳。
名譽：難有揚名機會，不如踏實做好目前工作。
健康：秋後身體易出毛病，注意心肺氣管。
友誼：身邊朋友較少，反而有較多機會與遠方親友通信。
風水：靈籤暗示丁財俱蹇滯。
遺失：尋之亦難得。
自身：有阻隔不安。
天時：風雨不如意。
出行：徒勞亦無功。"
"97","第九十七靈籤：康順釣魚","求籤吉凶：中平靈籤","算命籤詩：
憑欄晚眺倚南樓 滿目風光景色幽
一葉小舟頻下鉺 漁翁釣得有魚無
康順，古時一隱士。倚著向南樓台的欄杆，滿目的風光景色幽雅，水面上，有一葉小舟，只見康順作漁翁打扮，頻頻下釣，至于有沒有魚獲，那就不得而知了。
黃大仙算命解籤詩：
這支靈籤中雖然並無凶險，但亦只空有良辰美景，釣魚不得其法，有無收獲，還是個未知數。轉載自算命眼
求得此靈籤要看看自己的年齡，年老者，姑且逍遙度日，但求心之所安，年青者，那就要好好把握時機了。
黃大仙算命解運勢：
財難得，病癒遲，畜與蚕，得利微，謀望事，宜慎之
孕無礙，行未至，問婚姻，另擇宜，宅平常，積善昌
流年：平穩中仍有些機會，特別在春秋兩季。
事業：完全靠自己，可以渾渾噩噩又一年，也可以設法爭取。
財富：大財較難求，但正路小財，時常都有機會。
自身：靈籤暗示大致平安，要好好照顧自己。
家庭：溫馨祥和，家庭不給您壓力，但您要好好愛惜家人。
姻緣：夫妻的小磨擦無礙感情，但情侶的爭吵卻導致分手。
移居：換換新環境，生活得更寫意。新居取向南。
名譽：別指望有什么浮名，勿與人爭鋒。
健康：小病痛如傷風、過敏等症，多反復。
友誼：結交一些清閒的朋友，他們會沖淡您的事業心。
風水：靈籤暗示此地無可取。
遺失：尋之無所得。
自身：辛苦未得安。
天時：勤苦不如意。
出行：苦中有澀味。"
"98","第九十八靈籤：管鮑分金","求籤吉凶：中平靈籤","算命籤詩：
入山種玉嫌田狹 掘地尋金厭客多
富貴貧窮天注定 世人何苦力奔波
春秋，齊國有兩位患難知己，他們就是管仲與鮑叔牙，即使貧困中，他們也視錢財如糞土。後人以管鮑之交來稱譽真正朋友。
黃大仙算命解籤詩：
此靈籤以管鮑分金，來勸喻世人不要因利忘義。靈籤雲：自私的人，入山采玉，又嫌自己的田地狹窄，掘地尋金，又厭尋金客多會分薄自己。
我們應該學管子與鮑子，明白富貴貧窮一早就天注定，世人何苦為財而奔波呢？得此靈籤要守義修善果，不要做金錢的奴隸。轉載自算命眼
凡事宜力到力為，修善果植福基，自然可以獲福，不必強求。所謂不須著意求佳景，自有奇逢應早春。
黃大仙算命解運勢：
畜與蚕，得利微，孕無驚，行遲歸，宅平穩，婚不宜
財難得，病可醫，問謀望，願難償，勞無益，早收場
流年：知足者，今年清閒安樂﹔不知足者，強求又何益？
事業：安穩，凡事盡力，莫太計較得失。
財富：別太刻意追求金錢，今年財運是去年的延續，變化不大。
自身：靈籤暗示勿斤斤計較，要大事化小，小事化無。
家庭：當沒有利益沖突時，會更和諧。
姻緣：可能發覺對方不太合適您，別急再花些時間適應。
移居：一來一往，費時失事，暫且留在舊境吧。
名譽：多做公益，勿沽名釣譽。
健康：凡事看化，身體平安。
友誼：有好知己與您分享快樂，分擔憂愁。
風水：靈籤暗示想發丁財難。
遺失：尋之恐費力。
自身：知足便無憂。
天時：得失有天意。
出行：辛苦無所益。"
"99","第九十九靈籤：韓文公遇害","求籤吉凶：中平靈籤","算命籤詩：
雪擁橋頭馬不前 風狂漁父莫開船
水流花謝人誰惜 早立堅心志勿偏
八仙之一的韓湘子，是韓愈的侄孫，他曾在初冬施法，令牡丹開花，而每朵花有一字，合起來就是雲橫秦嶺家何在，雪擁籃關馬不前，韓愈不解其意。
不久後，因諫迎佛骨，惹怒皇上，貶謫潮州刺史，途中遇上風雪，馬不前，船夫亦不開船，後韓湘子趕來相送，韓愈始明白韓湘子的預言。
黃大仙算命解籤詩：
此籤有嘆息時運不佳之意，落花流水誰人同情，唯有靠自己立志堅定而已。後來韓愈在潮州政績偉然，被謚為文公。轉載自算命眼
求得此靈籤凡事務須謹慎，更宜防小人口舌是非。此靈籤雖無大礙，亦無可喜，能謹慎可得平穩而已。
黃大仙算命解運勢：
行未至，病慎醫，財難得，婚不宜，謀望事，要待時
孕無礙，名亦遲，蚕與畜，少利錢，宅平常，結善緣
流年：春夏秋當算平穩，冬天要提防運勢急轉直下。
事業：工作要審慎，上司與同事，都不能得罪。
財富：財運欠佳，投資要小心，秋後要知機收手。
自身：靈籤暗示小人多多，戒多言，提防官非。
家庭：夫妻有小磨擦，但無傷大雅，要孝敬老人。
姻緣：感情有阻滯，婚事過了冬天再考慮。
移居：遷往北方較為合適，往南方困難較大。
名譽：易被人誤會，做事要有始有終，用事實來解釋一切。
健康：有小病也應速見醫生，有體魄才能應付今年的變化。
友誼：經得起考驗的朋友，助您度過難關。
風水：靈籤暗示此地當凶煞。
自身：阻隔未平安。
天時：風色有不美。
遺失：尋之恐費力。
出行：去必惹禍歸。"
"100","黃大仙算命靈籤100","第一百靈籤：唐明皇賞花","求籤吉凶：中吉靈籤
算命籤詩：
百花競放賀陽春 萬物從今盡轉新
末數莫言窮運至 不知否極泰來臨
古人為唐明皇賞花：太平盛世，百花爭妍斗麗，慶賀新春，萬物從此又送舊迎新。別以為開得最尾、賞得最尾的那朵花就最差，應該明白，凡事到了盡頭，就是新的開始了，這就是周而復始、否極泰來的道理了。
黃大仙算命解籤詩：
黃大仙靈籤一百枝，這是最末一枝，雖為中吉，但有寶物沉歸底之意，又有否極泰來、面臨另一個循環之象，求得者，苦盡甘來，運勢轉弱為強，處處顯現生機。得此靈籤必有一番新景象。轉載自算命眼
天運循環，無往不復，如百花爭放，以賀新春，萬象維新。人亦從此改過從善，滌慮洗心，舊染污濁，煥然一新。雖目前否塞之極，自有亨通榮發之時也。求得此靈籤者，漸進佳境，苦盡甘來，轉禍為福也。
黃大仙算命解運勢：
宅運轉，善財昌，病漸癒，婚亦良，行漸至，孕無傷
畜與蚕，亦有利，求財者，漸得意，謀望事，大可喜
流年：由難變易，由舊變新，由弱變強，漸露曙光。
事業：工作越投入，轉運越快，局勢轉定，即可多方面發展。
財富：由平凡走向富有，天天有新環境。
自身：靈籤暗示由儉入奢，力戒趾高氣揚。
家庭：年內有多件好事，夫妻、親子之間感情融洽。
姻緣：那位曾經與您共患難的人，也可以與您共富貴。
移居：雖有移民運，但未是最佳時，反而可考慮遷居。
名譽：保持謙厚，您會更加得人喜歡和敬重。
健康：體質轉強，病痛即除，但要注意多休息。
友誼：舊朋新知，常常增添您工作和生活的愉快。
風水：漸漸發丁財。
遺失：尋之亦可得。
自身：衰極持好運。
天時：絕處有生機。
出行：貧賤轉富貴。"